flow_bucket,priority_high,priority_medium,priority_low,n_steps,has_auth,has_payment,has_form_input,n_inputs,n_buttons,avg_dom_confidence,qa_edit_ratio,n_assertions,n_waits,code_lines,past_pass_rate,past_runs,mean_duration_s,duration_stddev_s,risk_label
search,0.0,0.0,1.0,3,0.0,0.0,1.0,1,0,0.9777,0.0715,3,0,57,1.0,36,1.831,0.32,LOW
login_flow,1.0,0.0,0.0,7,1.0,0.0,1.0,3,0,0.8712,0.5319,5,3,69,0.7725,52,4.019,0.65,MEDIUM
search,0.0,0.0,1.0,3,0.0,0.0,1.0,2,1,0.9362,0.0324,2,0,47,0.9663,66,0.906,0.238,LOW
cart_ops,0.0,1.0,0.0,6,1.0,0.0,0.0,0,3,0.8229,0.0419,5,0,31,0.9153,40,1.756,0.439,MEDIUM
checkout,1.0,0.0,0.0,10,1.0,1.0,1.0,2,2,0.6446,0.4523,7,2,192,0.5883,25,6.535,1.149,MEDIUM
checkout,0.0,1.0,0.0,10,0.0,1.0,1.0,5,3,0.443,0.6751,6,6,133,0.5132,14,5.915,2.265,HIGH
checkout,0.0,1.0,0.0,11,0.0,1.0,1.0,3,1,0.8314,0.5379,7,4,144,0.811,22,6.088,2.014,MEDIUM
checkout,1.0,0.0,0.0,18,1.0,1.0,1.0,5,2,0.6443,0.4771,13,3,114,0.6894,0,9.684,1.079,HIGH
search,0.0,1.0,0.0,2,0.0,0.0,0.0,0,0,0.9186,0.0289,1,0,27,0.9154,72,1.845,0.274,MEDIUM
login_flow,0.0,1.0,0.0,8,1.0,0.0,1.0,2,1,0.6672,0.2211,4,3,98,0.7379,44,4.487,1.273,HIGH
cart_ops,1.0,0.0,0.0,8,0.0,0.0,0.0,2,2,0.7909,0.1627,5,0,60,0.8852,38,3.134,0.493,MEDIUM
checkout,1.0,0.0,0.0,14,0.0,1.0,1.0,3,4,0.6211,0.2674,7,0,116,0.8359,42,4.589,1.329,MEDIUM
search,0.0,0.0,1.0,3,0.0,0.0,0.0,1,0,0.9604,0.0584,2,1,43,0.9859,61,1.019,0.464,LOW
cart_ops,0.0,0.0,1.0,5,1.0,0.0,0.0,0,4,0.7503,0.157,3,0,76,0.8179,21,1.464,0.632,MEDIUM
search,1.0,0.0,0.0,2,0.0,0.0,0.0,1,0,0.8631,0.0216,2,0,51,0.9307,84,0.586,0.348,LOW
cart_ops,0.0,1.0,0.0,5,0.0,0.0,0.0,1,3,0.7012,0.0864,6,2,33,0.7811,31,2.165,0.639,MEDIUM
cart_ops,1.0,0.0,0.0,5,0.0,0.0,1.0,1,1,0.8709,0.2011,3,1,65,0.8638,26,1.977,0.306,MEDIUM
cart_ops,1.0,0.0,0.0,6,1.0,0.0,0.0,2,6,0.8234,0.057,3,2,60,0.9276,25,0.742,0.372,LOW
cart_ops,0.0,1.0,0.0,7,1.0,0.0,1.0,0,4,0.8695,0.0,6,0,87,0.8168,34,1.887,0.193,MEDIUM
cart_ops,0.0,0.0,1.0,4,0.0,0.0,1.0,2,2,0.8491,0.1759,5,1,39,0.7532,22,1.031,0.177,MEDIUM
checkout,1.0,0.0,0.0,10,1.0,1.0,1.0,4,1,0.5405,0.6805,8,7,90,0.4883,24,6.15,1.322,HIGH
login_flow,1.0,0.0,0.0,9,1.0,0.0,1.0,5,1,0.7894,0.378,3,3,53,0.8041,35,3.512,0.688,MEDIUM
login_flow,1.0,0.0,0.0,9,1.0,0.0,1.0,3,2,0.6254,0.3744,4,3,48,0.7716,19,3.909,1.522,MEDIUM
cart_ops,0.0,1.0,0.0,7,0.0,0.0,0.0,1,3,0.8066,0.3343,6,1,43,0.7927,32,3.914,0.256,MEDIUM
checkout,1.0,0.0,0.0,12,0.0,1.0,1.0,6,2,0.5938,0.0748,10,3,129,0.916,36,9.089,0.307,MEDIUM
cart_ops,1.0,0.0,0.0,9,1.0,0.0,0.0,3,4,0.7849,0.0151,4,1,71,0.8622,22,1.239,0.392,MEDIUM
search,0.0,0.0,1.0,3,0.0,0.0,1.0,1,1,0.945,0.0792,2,0,35,0.9539,44,0.531,0.36,LOW
checkout,1.0,0.0,0.0,11,0.0,1.0,1.0,2,3,0.6068,0.5813,7,2,158,0.8679,21,7.387,2.449,MEDIUM
search,1.0,0.0,0.0,4,0.0,0.0,0.0,3,0,0.9684,0.0093,1,0,51,0.9006,54,2.737,0.274,MEDIUM
login_flow,0.0,0.0,1.0,9,1.0,0.0,1.0,4,2,0.6693,0.2695,8,3,103,0.9166,19,4.736,0.912,MEDIUM
login_flow,1.0,0.0,0.0,9,1.0,0.0,1.0,4,1,0.5153,0.2032,8,3,113,0.9388,32,3.891,1.219,LOW
search,0.0,1.0,0.0,5,0.0,0.0,1.0,1,1,0.9782,0.0847,2,0,17,0.9934,77,1.039,0.28,LOW
login_flow,1.0,0.0,0.0,4,1.0,0.0,1.0,4,1,0.6382,0.396,8,3,96,0.705,6,3.375,1.009,HIGH
search,0.0,0.0,1.0,4,0.0,0.0,1.0,1,1,0.9994,0.0963,3,0,22,0.9493,69,1.194,0.271,LOW
cart_ops,0.0,1.0,0.0,7,0.0,0.0,0.0,0,3,0.8583,0.2371,2,2,55,0.8413,28,0.1,0.449,MEDIUM
checkout,1.0,0.0,0.0,12,0.0,1.0,1.0,4,2,0.7913,0.6792,6,6,167,0.7208,18,7.85,2.403,HIGH
login_flow,1.0,0.0,0.0,10,1.0,0.0,1.0,3,1,0.5945,0.4329,5,2,81,0.8238,28,6.488,0.465,MEDIUM
cart_ops,1.0,0.0,0.0,7,0.0,0.0,1.0,2,2,0.917,0.1034,4,1,79,0.9692,37,1.56,0.33,LOW
checkout,0.0,0.0,1.0,13,1.0,1.0,1.0,5,1,0.4859,0.6427,6,2,201,0.7466,62,5.002,1.354,HIGH
cart_ops,0.0,1.0,0.0,4,1.0,0.0,0.0,0,3,0.7981,0.0618,5,0,66,0.7773,45,0.695,0.391,MEDIUM
search,1.0,0.0,0.0,4,0.0,0.0,1.0,1,1,0.8441,0.0572,2,0,30,0.9699,49,1.377,0.258,LOW
cart_ops,0.0,1.0,0.0,6,1.0,0.0,0.0,1,1,0.8439,0.1541,6,1,90,0.8151,45,2.801,0.177,MEDIUM
checkout,1.0,0.0,0.0,12,0.0,1.0,1.0,3,1,0.3512,0.572,9,4,157,0.6691,38,8.033,2.659,HIGH
checkout,0.0,1.0,0.0,17,1.0,1.0,1.0,7,1,0.6504,0.26,6,4,158,0.7508,24,3.947,1.618,MEDIUM
login_flow,0.0,1.0,0.0,8,1.0,0.0,1.0,3,1,0.6328,0.4954,5,3,84,0.964,60,1.609,0.823,LOW
search,1.0,0.0,0.0,5,0.0,0.0,1.0,1,1,0.9499,0.037,3,0,44,0.9546,53,1.115,0.475,LOW
search,0.0,1.0,0.0,1,0.0,0.0,0.0,2,1,0.9194,0.0585,2,0,25,0.9745,63,1.118,0.063,LOW
cart_ops,0.0,0.0,1.0,5,0.0,0.0,1.0,0,3,0.8315,0.1547,4,3,73,0.8505,31,2.512,0.338,MEDIUM
search,1.0,0.0,0.0,4,0.0,0.0,1.0,1,0,0.9389,0.0708,2,0,42,1.0,40,1.543,0.365,LOW
login_flow,1.0,0.0,0.0,10,1.0,0.0,1.0,3,0,0.5332,0.4102,5,1,90,0.7965,39,2.919,0.731,MEDIUM
checkout,1.0,0.0,0.0,14,1.0,1.0,1.0,8,1,0.7469,0.5147,7,4,90,0.6599,25,7.623,1.711,HIGH
cart_ops,0.0,1.0,0.0,6,0.0,0.0,0.0,2,4,0.887,0.2606,5,1,82,0.9263,34,2.874,0.198,LOW
cart_ops,0.0,1.0,0.0,6,1.0,0.0,0.0,2,3,1.0,0.2162,6,1,57,0.8539,14,1.823,0.505,MEDIUM
checkout,1.0,0.0,0.0,9,0.0,1.0,1.0,5,2,0.612,0.3181,7,5,26,0.6216,22,8.132,0.78,HIGH
login_flow,0.0,0.0,1.0,10,1.0,0.0,1.0,2,1,0.7957,0.5079,2,3,100,0.8977,12,3.351,0.577,MEDIUM
login_flow,1.0,0.0,0.0,7,1.0,0.0,1.0,4,1,0.7971,0.3749,6,3,117,0.6058,43,4.189,0.919,HIGH
search,0.0,0.0,1.0,3,0.0,0.0,0.0,0,2,0.8732,0.0299,1,0,44,0.9356,56,0.518,0.278,LOW
search,0.0,1.0,0.0,6,0.0,0.0,1.0,2,1,0.8666,0.0545,2,0,27,1.0,40,0.252,0.272,LOW
checkout,1.0,0.0,0.0,7,1.0,1.0,1.0,6,1,0.5879,0.3568,9,4,52,0.5328,39,6.845,1.947,HIGH
login_flow,1.0,0.0,0.0,9,1.0,0.0,1.0,6,0,0.5634,0.5249,4,5,101,0.7048,41,5.809,1.375,HIGH
checkout,1.0,0.0,0.0,7,0.0,1.0,1.0,8,2,0.6021,0.5408,6,3,116,0.9556,27,7.235,2.256,LOW
search,1.0,0.0,0.0,2,0.0,0.0,0.0,1,1,0.8464,0.0256,2,1,37,0.9216,45,1.689,0.114,LOW
checkout,0.0,0.0,1.0,15,1.0,1.0,1.0,8,4,0.6454,0.747,8,3,137,0.7634,44,8.323,1.737,MEDIUM
search,0.0,1.0,0.0,4,0.0,0.0,0.0,0,2,0.9303,0.04,2,0,44,0.891,74,1.258,0.066,MEDIUM
checkout,1.0,0.0,0.0,17,1.0,1.0,1.0,3,2,0.719,0.2456,5,3,119,0.7547,19,5.068,1.137,MEDIUM
login_flow,1.0,0.0,0.0,10,1.0,0.0,1.0,4,2,0.4791,0.2133,5,4,63,0.8411,50,1.774,1.621,MEDIUM
login_flow,1.0,0.0,0.0,6,1.0,0.0,1.0,3,1,0.6335,0.4918,11,4,98,0.8701,61,3.208,0.55,MEDIUM
cart_ops,0.0,1.0,0.0,4,0.0,0.0,0.0,2,3,0.808,0.1803,7,2,49,0.8649,37,3.106,0.866,MEDIUM
login_flow,1.0,0.0,0.0,11,1.0,0.0,1.0,4,2,0.7946,0.3242,6,1,83,0.8935,75,1.673,0.938,MEDIUM
login_flow,1.0,0.0,0.0,9,1.0,0.0,1.0,1,1,0.6688,0.4669,4,5,67,0.79,22,2.727,0.756,MEDIUM
login_flow,1.0,0.0,0.0,7,1.0,0.0,1.0,4,1,0.6806,0.1182,6,2,93,0.902,4,2.208,0.588,MEDIUM
cart_ops,0.0,1.0,0.0,5,1.0,0.0,1.0,1,3,0.8892,0.12,4,2,55,0.9411,47,2.483,0.119,LOW
search,0.0,0.0,1.0,3,0.0,0.0,1.0,0,1,1.0,0.0052,3,0,46,0.986,43,1.623,0.395,LOW
login_flow,1.0,0.0,0.0,11,1.0,0.0,1.0,3,1,0.6727,0.1044,6,4,82,0.9952,41,4.292,0.916,LOW
login_flow,0.0,0.0,1.0,10,1.0,0.0,1.0,4,0,0.5271,0.5493,0,3,81,0.8455,53,6.557,0.594,MEDIUM
login_flow,0.0,1.0,0.0,9,1.0,0.0,1.0,3,1,0.3987,0.6193,6,5,92,0.8002,50,3.969,1.25,MEDIUM
search,0.0,0.0,1.0,4,1.0,0.0,1.0,0,0,0.9643,0.0,5,0,26,0.9529,40,0.1,0.251,LOW
login_flow,1.0,0.0,0.0,9,1.0,0.0,1.0,3,1,0.6583,0.3271,3,3,72,0.6936,20,4.475,1.006,HIGH
cart_ops,1.0,0.0,0.0,8,0.0,0.0,0.0,0,1,0.7313,0.1254,3,1,79,0.9586,10,3.332,0.289,LOW
search,0.0,0.0,1.0,4,0.0,0.0,1.0,1,1,0.9417,0.0511,2,0,45,0.9668,79,0.992,0.208,LOW
search,1.0,0.0,0.0,3,0.0,0.0,0.0,1,2,0.9783,0.0428,1,0,62,0.9468,51,0.498,0.0,LOW
login_flow,1.0,0.0,0.0,6,1.0,0.0,1.0,2,1,0.6403,0.4917,4,1,135,0.8252,16,4.702,1.575,MEDIUM
checkout,1.0,0.0,0.0,7,1.0,1.0,1.0,3,2,0.5154,0.3441,8,3,131,0.7128,60,8.767,0.459,HIGH
login_flow,1.0,0.0,0.0,9,1.0,0.0,1.0,2,1,0.6953,0.3277,4,5,106,0.7974,18,1.332,1.3,MEDIUM
search,0.0,0.0,1.0,4,0.0,0.0,0.0,0,1,0.9296,0.0544,2,0,74,0.8533,84,1.907,0.408,MEDIUM
checkout,1.0,0.0,0.0,12,1.0,1.0,1.0,9,3,0.4979,0.3465,7,3,174,0.9071,14,5.772,1.007,MEDIUM
cart_ops,0.0,1.0,0.0,4,1.0,0.0,1.0,2,3,0.7186,0.2037,4,0,62,0.7237,21,2.045,0.559,HIGH
search,0.0,1.0,0.0,2,0.0,0.0,0.0,1,1,0.9296,0.1054,3,1,36,0.923,36,0.998,0.144,LOW
login_flow,0.0,0.0,1.0,9,1.0,0.0,1.0,4,1,0.6339,0.2376,8,3,45,0.6847,42,4.386,0.529,HIGH
login_flow,1.0,0.0,0.0,7,1.0,0.0,1.0,2,1,0.8728,0.3159,5,4,96,0.9455,72,2.324,0.956,LOW
checkout,1.0,0.0,0.0,11,1.0,1.0,1.0,6,2,0.4514,0.4618,9,2,72,0.5893,34,3.574,1.263,HIGH
login_flow,0.0,0.0,1.0,7,1.0,0.0,1.0,4,1,0.6539,0.2617,11,3,103,0.8609,46,4.059,0.896,MEDIUM
search,0.0,0.0,1.0,4,0.0,0.0,0.0,0,1,0.9147,0.0797,1,0,34,0.989,48,0.502,0.29,LOW
search,0.0,0.0,1.0,3,0.0,0.0,1.0,1,1,0.9531,0.0,1,0,53,0.9324,45,0.556,0.0,LOW
cart_ops,1.0,0.0,0.0,5,0.0,0.0,0.0,2,3,0.7121,0.0701,5,2,65,0.9119,39,1.152,0.468,MEDIUM
search,0.0,0.0,1.0,4,0.0,0.0,1.0,1,1,0.9293,0.0067,2,0,36,0.8789,44,0.169,0.092,MEDIUM
login_flow,1.0,0.0,0.0,9,1.0,0.0,1.0,3,2,0.6311,0.5523,5,2,58,0.9316,53,3.567,0.496,LOW
checkout,0.0,1.0,0.0,8,0.0,1.0,1.0,5,0,0.6529,0.8033,7,7,73,0.7841,38,7.897,1.332,MEDIUM
search,0.0,1.0,0.0,2,0.0,0.0,0.0,0,2,0.889,0.0614,2,0,41,1.0,55,0.714,0.394,LOW
checkout,1.0,0.0,0.0,9,0.0,1.0,1.0,2,1,0.6928,0.1619,6,6,105,0.8573,40,9.29,0.968,MEDIUM
search,1.0,0.0,0.0,3,0.0,0.0,0.0,1,1,0.9122,0.0933,2,0,40,0.9237,32,1.214,0.382,LOW
cart_ops,0.0,1.0,0.0,7,1.0,0.0,0.0,1,3,0.8183,0.1087,5,1,62,0.965,27,2.237,0.078,LOW
search,0.0,0.0,1.0,5,0.0,0.0,0.0,1,1,0.8333,0.0269,3,0,31,1.0,34,2.189,0.572,LOW
login_flow,1.0,0.0,0.0,6,1.0,0.0,1.0,2,1,0.4933,0.3052,5,3,128,0.8285,58,1.948,0.421,MEDIUM
search,0.0,1.0,0.0,2,0.0,0.0,0.0,0,1,0.9407,0.0,2,0,35,0.9517,55,1.257,0.209,MEDIUM
cart_ops,0.0,0.0,1.0,4,1.0,0.0,0.0,0,4,0.9337,0.0486,3,1,54,1.0,19,2.738,0.097,LOW
search,0.0,0.0,1.0,2,0.0,0.0,1.0,1,1,0.896,0.1098,2,0,19,0.9815,42,1.184,0.277,LOW
login_flow,1.0,0.0,0.0,11,1.0,0.0,1.0,4,0,0.6718,0.2659,3,3,82,0.6739,30,3.077,0.913,HIGH
search,0.0,0.0,1.0,4,1.0,0.0,0.0,1,1,0.9246,0.082,1,0,34,0.9919,53,1.172,0.238,LOW
login_flow,1.0,0.0,0.0,8,1.0,0.0,1.0,3,0,0.7207,0.1886,5,3,124,0.7071,46,2.457,0.531,HIGH
cart_ops,1.0,0.0,0.0,7,1.0,0.0,0.0,1,4,0.8322,0.2494,1,1,38,0.8685,21,1.791,0.467,MEDIUM
search,0.0,1.0,0.0,3,0.0,0.0,1.0,1,1,1.0,0.171,0,0,24,0.9263,60,1.587,0.362,LOW
cart_ops,0.0,0.0,1.0,6,1.0,0.0,1.0,1,3,0.9099,0.1022,5,1,80,0.9173,30,3.03,0.316,HIGH
search,0.0,0.0,1.0,2,0.0,0.0,0.0,0,1,0.8624,0.0692,1,0,60,0.9668,54,1.232,0.298,LOW
search,0.0,1.0,0.0,4,0.0,0.0,1.0,2,1,0.9772,0.0293,3,0,12,1.0,68,0.607,0.218,LOW
search,0.0,0.0,1.0,5,0.0,0.0,0.0,1,2,0.9228,0.0155,1,0,30,0.9293,53,0.888,0.396,LOW
search,1.0,0.0,0.0,4,0.0,0.0,1.0,1,1,0.8784,0.1214,2,0,31,0.949,25,1.86,0.198,LOW
cart_ops,0.0,1.0,0.0,8,0.0,0.0,0.0,0,3,0.9219,0.2963,3,1,70,0.733,41,1.598,0.682,HIGH
search,1.0,0.0,0.0,2,0.0,0.0,1.0,1,1,0.96,0.0,3,0,28,0.9179,60,0.806,0.12,MEDIUM
search,0.0,1.0,0.0,3,0.0,0.0,1.0,1,1,0.8461,0.0932,2,1,27,0.958,73,1.515,0.274,LOW
cart_ops,0.0,0.0,1.0,7,1.0,0.0,1.0,2,2,0.8107,0.2082,6,1,64,0.892,28,2.23,0.188,MEDIUM
search,1.0,0.0,0.0,2,0.0,0.0,1.0,1,2,0.9968,0.0,3,0,53,0.9592,44,1.102,0.398,LOW
checkout,1.0,0.0,0.0,15,1.0,1.0,1.0,6,1,0.7953,0.5427,10,5,119,0.814,13,6.763,1.902,MEDIUM
login_flow,0.0,1.0,0.0,9,1.0,0.0,1.0,5,1,0.4993,0.373,5,3,101,1.0,55,4.451,0.584,LOW
cart_ops,0.0,1.0,0.0,4,0.0,0.0,0.0,1,3,0.7434,0.0,4,0,60,0.9255,28,3.684,0.118,LOW
checkout,1.0,0.0,0.0,12,1.0,1.0,1.0,5,2,0.7503,0.3188,10,4,94,0.897,39,7.49,2.016,MEDIUM
checkout,1.0,0.0,0.0,8,1.0,1.0,1.0,3,0,0.5998,0.6751,8,2,173,0.6802,19,9.14,1.121,HIGH
checkout,1.0,0.0,0.0,10,1.0,1.0,1.0,4,2,0.5395,0.3459,9,4,139,0.7869,30,6.775,1.059,MEDIUM
search,0.0,1.0,0.0,2,0.0,0.0,0.0,1,1,0.9669,0.1229,2,0,18,0.8991,71,0.511,0.3,MEDIUM
cart_ops,1.0,0.0,0.0,4,1.0,0.0,0.0,2,2,0.8023,0.2686,2,1,61,0.7011,44,1.587,0.145,HIGH
checkout,1.0,0.0,0.0,9,0.0,1.0,1.0,4,1,0.3791,0.9215,8,3,78,0.6028,33,6.419,1.964,HIGH
checkout,1.0,0.0,0.0,12,1.0,1.0,1.0,5,0,0.6006,0.3472,7,2,129,0.5936,50,5.906,2.452,HIGH
login_flow,1.0,0.0,0.0,7,1.0,0.0,1.0,3,1,0.5986,0.3464,5,1,59,0.8305,46,5.091,0.812,MEDIUM
checkout,1.0,0.0,0.0,13,0.0,1.0,1.0,7,2,0.6789,0.4434,5,2,186,0.511,24,5.926,0.906,HIGH
cart_ops,0.0,1.0,0.0,5,0.0,0.0,0.0,1,2,0.896,0.0419,3,2,31,0.7834,31,2.008,0.232,MEDIUM
login_flow,1.0,0.0,0.0,9,1.0,0.0,1.0,2,2,0.6056,0.255,1,4,62,0.7845,24,4.243,1.288,MEDIUM
checkout,1.0,0.0,0.0,16,1.0,1.0,1.0,8,2,0.574,0.5648,7,2,164,0.8583,34,5.149,1.844,MEDIUM
search,1.0,0.0,0.0,3,0.0,0.0,1.0,1,1,0.9233,0.0087,1,1,50,1.0,74,1.121,0.168,LOW
search,0.0,0.0,1.0,3,0.0,0.0,0.0,1,1,0.9341,0.0769,2,0,23,0.9887,71,1.254,0.23,LOW
cart_ops,0.0,1.0,0.0,7,0.0,0.0,0.0,1,4,0.8006,0.138,5,0,35,0.79,38,3.084,0.173,MEDIUM
checkout,1.0,0.0,0.0,7,1.0,1.0,1.0,5,2,0.4949,0.5262,7,2,163,0.5166,32,6.215,0.906,HIGH
login_flow,1.0,0.0,0.0,5,1.0,0.0,1.0,4,1,0.5417,0.3001,6,2,104,0.9856,62,4.662,1.334,LOW
search,1.0,0.0,0.0,2,0.0,0.0,1.0,1,1,0.9415,0.0777,2,0,54,0.9969,57,0.43,0.097,LOW
search,0.0,0.0,1.0,2,0.0,0.0,1.0,1,1,0.9079,0.0458,2,0,21,0.9643,66,1.361,0.485,LOW
cart_ops,0.0,1.0,0.0,7,0.0,0.0,0.0,0,4,0.8932,0.3086,3,0,51,0.9375,49,2.289,0.206,LOW
login_flow,1.0,0.0,0.0,12,1.0,0.0,1.0,2,1,0.6391,0.6207,4,3,128,0.8756,32,3.936,0.887,MEDIUM
search,0.0,1.0,0.0,3,0.0,0.0,1.0,1,2,0.9032,0.0305,2,0,46,0.8944,90,1.026,0.172,MEDIUM
login_flow,1.0,0.0,0.0,8,1.0,0.0,1.0,4,0,0.7017,0.4627,1,3,82,0.7567,52,4.067,0.619,MEDIUM
search,1.0,0.0,0.0,3,0.0,0.0,1.0,1,1,0.991,0.084,0,0,55,0.9159,51,0.1,0.321,MEDIUM
search,0.0,0.0,1.0,5,0.0,0.0,0.0,1,1,0.8988,0.1259,4,0,26,0.9766,29,1.355,0.0,LOW
search,1.0,0.0,0.0,3,0.0,0.0,0.0,1,1,0.9177,0.1003,1,0,27,0.9795,57,0.826,0.373,LOW
cart_ops,1.0,0.0,0.0,7,0.0,0.0,0.0,1,4,0.6889,0.1538,3,1,45,0.9915,27,3.093,0.503,LOW
login_flow,0.0,1.0,0.0,10,1.0,0.0,1.0,5,0,0.7677,0.221,5,4,108,0.7432,29,4.877,0.548,HIGH
search,0.0,1.0,0.0,3,0.0,0.0,1.0,1,1,0.844,0.0255,3,0,44,0.9554,74,1.614,0.0,LOW
checkout,1.0,0.0,0.0,13,1.0,1.0,1.0,6,4,0.481,0.2212,7,3,138,0.6768,31,6.994,1.457,HIGH
login_flow,1.0,0.0,0.0,4,1.0,0.0,1.0,3,1,0.6251,0.4582,6,4,70,0.8468,51,2.705,0.495,MEDIUM
login_flow,1.0,0.0,0.0,8,1.0,0.0,1.0,1,1,0.6075,0.3584,3,4,62,0.7158,19,4.021,2.081,HIGH
login_flow,1.0,0.0,0.0,8,1.0,0.0,1.0,3,1,0.4155,0.3978,1,2,100,0.7383,64,4.172,1.169,HIGH
cart_ops,0.0,1.0,0.0,6,0.0,0.0,0.0,2,2,0.9044,0.1954,3,1,55,0.8072,23,2.764,0.497,MEDIUM
checkout,1.0,0.0,0.0,16,1.0,1.0,1.0,3,0,0.5476,0.7542,7,3,125,0.665,18,6.868,1.43,HIGH
cart_ops,0.0,1.0,0.0,6,1.0,0.0,0.0,1,4,0.6956,0.233,4,1,92,0.9255,12,0.984,0.594,LOW
search,1.0,0.0,0.0,3,0.0,0.0,0.0,1,1,0.9434,0.095,2,0,17,0.9675,56,1.416,0.124,LOW
login_flow,1.0,0.0,0.0,9,1.0,0.0,1.0,3,1,0.723,0.2963,3,1,114,0.783,32,4.106,0.0,MEDIUM
checkout,1.0,0.0,0.0,8,0.0,1.0,1.0,4,3,0.3448,0.6479,11,3,113,0.8178,23,6.71,1.843,MEDIUM
search,0.0,0.0,1.0,4,0.0,0.0,1.0,1,1,0.9041,0.0872,2,0,41,0.9849,75,1.314,0.161,LOW
cart_ops,1.0,0.0,0.0,6,0.0,0.0,1.0,0,2,0.7788,0.0303,1,1,45,0.8371,30,0.1,0.418,MEDIUM
login_flow,1.0,0.0,0.0,10,1.0,0.0,1.0,4,1,0.7016,0.5392,0,3,47,0.6617,48,5.78,0.0,HIGH
login_flow,0.0,1.0,0.0,10,1.0,0.0,1.0,3,1,0.7117,0.6125,2,4,64,0.7938,33,2.33,0.612,MEDIUM
cart_ops,0.0,1.0,0.0,6,1.0,0.0,1.0,1,2,0.8275,0.2935,8,0,56,0.8246,31,1.223,0.44,MEDIUM
search,0.0,0.0,1.0,3,0.0,0.0,0.0,1,1,0.9748,0.1408,2,0,32,0.9979,72,1.439,0.367,LOW
checkout,1.0,0.0,0.0,16,0.0,1.0,1.0,5,1,0.6938,0.4117,9,2,150,0.7829,22,7.055,1.778,MEDIUM
login_flow,1.0,0.0,0.0,7,1.0,0.0,1.0,2,1,0.7866,0.2957,6,4,91,0.8456,69,2.202,1.079,MEDIUM
checkout,1.0,0.0,0.0,12,1.0,1.0,1.0,6,2,0.6509,0.3873,10,2,155,0.7682,41,6.051,1.675,MEDIUM
checkout,1.0,0.0,0.0,14,0.0,1.0,1.0,7,4,0.7422,0.7132,9,3,130,0.7388,27,7.544,2.164,HIGH
cart_ops,0.0,1.0,0.0,5,1.0,0.0,0.0,1,4,0.6859,0.1467,4,1,65,0.9433,21,1.458,0.411,LOW
search,0.0,0.0,1.0,2,0.0,0.0,1.0,1,1,1.0,0.0197,3,0,28,0.9572,52,1.265,0.212,LOW
login_flow,1.0,0.0,0.0,8,1.0,0.0,1.0,2,1,0.4174,0.4888,4,4,81,0.8043,27,4.277,0.499,MEDIUM
search,0.0,0.0,1.0,3,0.0,0.0,0.0,1,1,0.8823,0.0307,3,0,41,1.0,48,1.197,0.079,LOW
login_flow,1.0,0.0,0.0,5,1.0,0.0,1.0,2,1,0.5907,0.5914,4,2,78,0.8178,51,3.425,0.652,MEDIUM
search,1.0,0.0,0.0,4,0.0,0.0,0.0,1,1,0.936,0.0,2,0,42,0.9705,37,1.763,0.152,LOW
cart_ops,0.0,1.0,0.0,2,1.0,0.0,0.0,0,4,0.7917,0.0987,3,1,65,0.7986,50,1.393,0.283,MEDIUM
cart_ops,1.0,0.0,0.0,7,0.0,0.0,0.0,1,2,0.8211,0.2391,2,0,56,0.8414,33,1.841,0.035,MEDIUM
checkout,1.0,0.0,0.0,13,0.0,1.0,1.0,5,1,0.5619,0.2482,9,2,125,0.5185,31,3.338,0.986,HIGH
login_flow,0.0,1.0,0.0,8,1.0,0.0,1.0,2,1,0.5966,0.5436,5,3,77,0.6413,44,5.288,1.278,HIGH
cart_ops,0.0,0.0,1.0,5,1.0,0.0,0.0,1,3,0.8339,0.0046,3,2,101,0.7438,38,1.844,0.219,HIGH
cart_ops,0.0,1.0,0.0,7,0.0,0.0,0.0,1,2,0.812,0.1326,5,0,50,1.0,38,1.979,0.26,LOW
checkout,1.0,0.0,0.0,12,1.0,1.0,1.0,4,1,0.6086,0.5631,7,9,145,0.7989,43,7.606,1.505,MEDIUM
search,1.0,0.0,0.0,3,0.0,0.0,0.0,1,0,0.8862,0.0748,1,0,51,1.0,42,0.416,0.171,LOW
search,1.0,0.0,0.0,5,0.0,0.0,0.0,1,1,0.8688,0.0952,2,0,50,0.9052,33,1.074,0.163,MEDIUM
login_flow,1.0,0.0,0.0,7,1.0,0.0,1.0,6,1,0.827,0.1435,6,5,79,0.7654,22,3.64,1.701,MEDIUM
login_flow,1.0,0.0,0.0,6,1.0,0.0,1.0,2,0,0.6607,0.3975,3,3,111,0.9026,93,3.615,1.252,MEDIUM
login_flow,1.0,0.0,0.0,10,1.0,0.0,1.0,3,1,0.6233,0.3247,8,2,100,0.846,67,3.389,0.814,MEDIUM
search,0.0,0.0,1.0,3,0.0,0.0,0.0,2,0,1.0,0.0,2,0,15,0.9573,66,0.333,0.287,LOW
login_flow,1.0,0.0,0.0,7,1.0,0.0,1.0,4,1,0.4966,0.4369,3,4,67,0.6375,53,3.663,1.619,HIGH
search,0.0,0.0,1.0,4,0.0,0.0,1.0,0,0,0.8459,0.0,2,0,37,0.9294,48,1.18,0.257,LOW
checkout,1.0,0.0,0.0,13,0.0,1.0,1.0,7,2,0.676,0.3155,9,4,131,0.8933,38,9.159,1.242,MEDIUM
cart_ops,0.0,1.0,0.0,5,0.0,0.0,0.0,2,2,0.6533,0.2301,3,1,20,0.8717,36,1.274,0.633,MEDIUM
login_flow,1.0,0.0,0.0,7,1.0,0.0,1.0,3,1,0.5152,0.4561,8,3,112,0.8826,50,4.453,0.921,HIGH
checkout,1.0,0.0,0.0,12,1.0,1.0,1.0,6,1,0.777,0.613,4,2,126,0.7044,4,7.102,0.969,HIGH
search,0.0,0.0,1.0,2,0.0,0.0,0.0,1,1,0.9432,0.0976,1,1,50,0.9804,77,1.385,0.296,LOW
checkout,1.0,0.0,0.0,9,1.0,1.0,1.0,5,1,0.4086,0.3871,10,6,112,0.8196,24,7.913,0.201,MEDIUM
checkout,1.0,0.0,0.0,10,0.0,1.0,1.0,2,3,0.4837,0.4276,4,7,124,0.5428,35,5.678,0.538,HIGH
checkout,1.0,0.0,0.0,11,1.0,1.0,1.0,6,2,0.3649,0.5826,4,6,125,0.9832,58,5.393,1.989,LOW
checkout,0.0,1.0,0.0,11,1.0,1.0,1.0,5,2,0.5763,0.6764,10,3,153,0.8702,33,4.027,1.718,MEDIUM
login_flow,0.0,0.0,1.0,9,1.0,0.0,1.0,3,0,0.5976,0.4495,6,2,96,0.6437,52,4.658,0.643,HIGH
checkout,0.0,0.0,1.0,10,1.0,1.0,1.0,5,2,0.4513,0.4502,12,3,153,0.7321,8,6.784,1.246,HIGH
checkout,1.0,0.0,0.0,10,1.0,1.0,1.0,7,1,0.4654,0.6759,9,4,178,0.5849,23,4.393,1.632,HIGH
login_flow,1.0,0.0,0.0,8,1.0,0.0,1.0,3,1,0.652,0.4485,6,2,103,0.6928,37,4.406,1.358,HIGH
search,0.0,0.0,1.0,1,0.0,0.0,0.0,1,1,0.9752,0.0969,2,0,53,0.9343,64,0.858,0.234,LOW
checkout,1.0,0.0,0.0,13,1.0,1.0,1.0,3,3,0.6048,0.6944,12,4,145,0.6764,34,7.551,0.786,HIGH
cart_ops,0.0,1.0,0.0,5,1.0,0.0,1.0,1,5,0.8549,0.1356,1,1,67,0.8922,17,2.095,0.34,MEDIUM
checkout,1.0,0.0,0.0,13,0.0,1.0,1.0,4,1,0.577,0.4986,14,3,135,0.6422,19,4.249,1.844,HIGH
login_flow,1.0,0.0,0.0,9,1.0,0.0,1.0,3,1,0.6128,0.2932,5,3,64,0.7746,15,3.379,1.205,MEDIUM
cart_ops,0.0,1.0,0.0,6,0.0,0.0,1.0,1,3,0.6321,0.1162,4,2,73,0.9001,28,1.062,0.574,MEDIUM
search,1.0,0.0,0.0,3,0.0,0.0,0.0,0,0,0.9071,0.1389,3,1,20,0.9394,29,1.802,0.15,LOW
checkout,1.0,0.0,0.0,12,0.0,1.0,1.0,7,2,0.3876,0.3096,11,4,165,0.9522,30,4.914,0.691,LOW
cart_ops,0.0,1.0,0.0,5,0.0,0.0,0.0,2,4,0.8066,0.1336,3,0,68,0.8318,45,2.368,0.645,MEDIUM
login_flow,0.0,0.0,1.0,11,1.0,0.0,1.0,3,2,0.6411,0.5562,2,4,100,0.5682,46,4.657,0.83,HIGH
login_flow,1.0,0.0,0.0,9,1.0,0.0,1.0,4,1,0.6931,0.4909,8,2,80,0.7539,37,0.939,1.448,LOW
cart_ops,1.0,0.0,0.0,6,0.0,0.0,0.0,2,3,0.8611,0.212,6,2,43,0.9115,22,2.422,0.099,MEDIUM
cart_ops,0.0,1.0,0.0,8,0.0,0.0,0.0,1,4,0.7831,0.2811,6,0,41,1.0,22,3.132,0.366,LOW
checkout,1.0,0.0,0.0,16,1.0,1.0,1.0,4,2,0.5953,0.5929,8,2,158,0.7256,36,8.128,1.137,HIGH
login_flow,1.0,0.0,0.0,7,1.0,0.0,1.0,3,1,0.7418,0.4055,0,3,67,0.7621,8,3.211,0.671,MEDIUM
checkout,0.0,0.0,1.0,11,1.0,1.0,1.0,7,3,0.6032,0.4879,11,6,127,0.5923,46,5.62,0.752,HIGH
login_flow,1.0,0.0,0.0,11,1.0,0.0,1.0,3,1,0.7885,0.5465,7,4,71,0.8486,38,6.267,0.977,MEDIUM
checkout,1.0,0.0,0.0,13,1.0,1.0,1.0,7,4,0.6995,0.2825,10,4,55,0.6366,20,3.771,1.439,HIGH
login_flow,0.0,0.0,1.0,10,1.0,0.0,1.0,3,2,0.5844,0.1537,4,3,111,0.7588,44,2.565,1.062,MEDIUM
login_flow,0.0,1.0,0.0,9,1.0,0.0,1.0,3,1,0.5693,0.0571,8,1,93,0.5396,30,4.617,0.218,HIGH
checkout,1.0,0.0,0.0,19,1.0,1.0,1.0,4,3,0.6751,0.1731,9,4,94,0.5933,54,6.975,1.796,HIGH
login_flow,1.0,0.0,0.0,8,1.0,0.0,1.0,4,0,0.7586,0.25,8,3,135,0.8123,57,4.203,0.501,MEDIUM
search,0.0,0.0,1.0,3,0.0,0.0,1.0,1,1,0.9283,0.0,2,0,44,1.0,69,0.77,0.221,LOW
cart_ops,0.0,1.0,0.0,6,0.0,0.0,0.0,1,1,0.7184,0.1913,4,1,64,0.8746,20,3.276,0.735,MEDIUM
search,0.0,0.0,1.0,5,0.0,0.0,0.0,1,0,0.9292,0.094,1,0,29,0.9199,97,0.951,0.264,MEDIUM
checkout,1.0,0.0,0.0,12,0.0,1.0,1.0,4,0,0.6114,0.4301,10,3,96,0.5652,23,4.106,0.629,HIGH
login_flow,1.0,0.0,0.0,5,1.0,0.0,1.0,2,1,0.6362,0.1798,0,3,120,0.7737,25,2.624,1.11,MEDIUM
cart_ops,0.0,1.0,0.0,6,0.0,0.0,0.0,2,2,0.8819,0.1086,3,1,68,0.8099,27,2.202,0.26,LOW
checkout,1.0,0.0,0.0,18,0.0,1.0,1.0,4,1,0.6329,0.6858,7,1,93,0.5295,30,4.474,1.427,HIGH
login_flow,0.0,0.0,1.0,9,1.0,0.0,1.0,2,1,0.7359,0.1606,3,3,49,0.8365,17,6.45,0.0,MEDIUM
checkout,0.0,1.0,0.0,13,1.0,1.0,1.0,2,1,0.827,0.3448,8,5,98,0.8048,45,5.19,0.999,MEDIUM
cart_ops,1.0,0.0,0.0,5,0.0,0.0,0.0,2,2,0.8819,0.1201,4,1,65,0.8913,25,2.874,0.303,MEDIUM
search,0.0,1.0,0.0,3,0.0,0.0,0.0,1,0,0.9152,0.0702,0,0,34,1.0,64,0.909,0.491,LOW
checkout,1.0,0.0,0.0,9,1.0,1.0,1.0,4,1,0.5796,0.5446,7,5,117,0.9304,32,8.245,1.924,LOW
login_flow,1.0,0.0,0.0,5,1.0,0.0,1.0,4,1,0.7571,0.5575,2,2,77,0.7918,36,3.081,0.667,MEDIUM
cart_ops,0.0,0.0,1.0,6,0.0,0.0,0.0,1,4,0.7855,0.2007,5,1,32,0.953,16,2.93,0.621,LOW
search,0.0,1.0,0.0,3,0.0,0.0,0.0,1,0,0.8913,0.0639,3,0,51,1.0,69,1.23,0.228,LOW
login_flow,1.0,0.0,0.0,11,1.0,0.0,1.0,3,1,0.3747,0.5908,5,4,95,0.7396,41,4.827,0.544,HIGH
search,1.0,0.0,0.0,4,0.0,0.0,1.0,1,1,0.927,0.0132,3,0,50,1.0,45,0.796,0.116,LOW
checkout,1.0,0.0,0.0,12,0.0,1.0,1.0,5,1,0.6849,0.384,9,4,91,0.6241,36,3.991,0.976,HIGH
login_flow,1.0,0.0,0.0,8,1.0,0.0,1.0,3,2,0.6521,0.3709,1,5,81,0.7377,45,4.666,0.688,HIGH
login_flow,0.0,1.0,0.0,8,1.0,0.0,1.0,4,2,0.6582,0.3953,5,3,77,0.614,42,3.696,1.008,HIGH
login_flow,1.0,0.0,0.0,5,1.0,0.0,1.0,3,1,0.683,0.5452,0,4,84,0.5852,34,5.638,0.622,HIGH
checkout,1.0,0.0,0.0,13,1.0,1.0,1.0,6,2,0.7539,0.3924,9,2,122,0.763,26,6.733,0.808,MEDIUM
checkout,1.0,0.0,0.0,3,1.0,1.0,1.0,5,0,0.5482,0.4377,12,3,131,0.717,38,5.952,2.062,HIGH
search,0.0,0.0,1.0,3,0.0,0.0,1.0,0,0,0.8727,0.0,0,0,36,0.9354,39,1.093,0.0,LOW
cart_ops,0.0,1.0,0.0,5,1.0,0.0,0.0,0,4,0.8794,0.1789,6,1,41,0.8865,31,3.018,0.41,MEDIUM
cart_ops,0.0,1.0,0.0,7,0.0,0.0,0.0,3,4,0.7015,0.2293,3,2,69,0.9315,47,0.1,0.405,LOW
cart_ops,1.0,0.0,0.0,4,1.0,0.0,0.0,1,2,0.8345,0.1319,4,3,86,0.8854,40,3.282,0.646,MEDIUM
search,0.0,0.0,1.0,2,0.0,0.0,0.0,1,1,0.9055,0.0646,2,0,44,0.9567,33,1.365,0.143,LOW
cart_ops,0.0,1.0,0.0,5,0.0,0.0,0.0,1,4,0.7125,0.0532,4,1,64,0.8571,11,1.446,0.697,MEDIUM
search,0.0,0.0,1.0,3,0.0,0.0,0.0,1,1,0.9753,0.0302,3,0,26,0.9717,51,0.478,0.296,LOW
cart_ops,0.0,1.0,0.0,4,0.0,0.0,0.0,0,2,0.7575,0.212,4,0,42,0.8868,31,1.924,0.305,MEDIUM
search,0.0,0.0,1.0,4,0.0,0.0,1.0,0,1,0.9689,0.1101,3,0,33,0.9727,50,1.296,0.308,LOW
search,0.0,0.0,1.0,3,0.0,0.0,1.0,1,1,0.8781,0.0266,4,0,30,0.9337,47,1.259,0.109,LOW
cart_ops,0.0,1.0,0.0,6,1.0,0.0,0.0,1,3,0.7177,0.224,7,2,77,0.9758,35,0.1,0.373,LOW
cart_ops,0.0,0.0,1.0,5,1.0,0.0,0.0,1,3,0.7451,0.135,7,2,45,0.8661,33,0.797,0.249,MEDIUM
checkout,1.0,0.0,0.0,13,1.0,1.0,1.0,5,1,0.8831,0.7119,9,5,120,0.692,23,4.65,1.139,HIGH
search,0.0,0.0,1.0,4,1.0,0.0,0.0,0,1,0.8756,0.1109,2,0,21,1.0,77,1.166,0.257,LOW
search,1.0,0.0,0.0,3,0.0,0.0,0.0,1,1,0.9847,0.0769,3,0,56,0.9886,60,1.979,0.086,LOW
cart_ops,0.0,1.0,0.0,7,0.0,0.0,0.0,1,3,0.8339,0.0279,6,0,54,0.897,36,2.654,0.339,MEDIUM
cart_ops,1.0,0.0,0.0,8,0.0,0.0,0.0,1,2,0.826,0.0,4,0,37,1.0,20,1.741,0.393,MEDIUM
login_flow,1.0,0.0,0.0,5,1.0,0.0,1.0,4,2,0.6309,0.1949,4,2,98,0.8038,54,4.889,0.345,MEDIUM
cart_ops,0.0,1.0,0.0,7,0.0,0.0,1.0,2,4,0.8145,0.054,3,0,65,0.8559,16,0.803,0.513,MEDIUM
checkout,1.0,0.0,0.0,15,0.0,1.0,1.0,8,3,0.5932,0.6901,10,3,158,0.7236,31,9.811,0.744,HIGH
login_flow,0.0,0.0,1.0,6,1.0,0.0,1.0,3,1,0.741,0.3435,5,4,102,0.7304,21,4.321,1.292,HIGH
login_flow,1.0,0.0,0.0,6,1.0,0.0,1.0,3,1,0.7349,0.6291,9,2,100,0.7713,76,5.534,0.532,MEDIUM
search,0.0,0.0,1.0,3,0.0,0.0,0.0,1,0,1.0,0.0892,3,0,33,0.9599,66,1.572,0.362,LOW
checkout,0.0,0.0,1.0,12,0.0,1.0,1.0,6,1,0.6093,0.4489,2,4,138,0.8383,15,3.962,0.456,MEDIUM
cart_ops,0.0,1.0,0.0,7,1.0,0.0,0.0,0,4,1.0,0.073,5,1,61,0.9419,19,2.353,0.283,LOW
checkout,1.0,0.0,0.0,9,0.0,1.0,1.0,8,2,0.4264,0.7122,10,3,157,0.8631,19,7.326,1.171,MEDIUM
search,1.0,0.0,0.0,2,0.0,0.0,0.0,1,2,0.9159,0.0,3,0,52,0.9851,83,0.679,0.064,LOW
cart_ops,0.0,0.0,1.0,7,1.0,0.0,0.0,0,4,0.9464,0.0,2,0,56,0.9412,33,2.136,0.58,LOW
checkout,0.0,1.0,0.0,11,1.0,1.0,1.0,3,3,0.5331,0.7293,5,5,213,0.574,39,8.979,1.894,HIGH
cart_ops,1.0,0.0,0.0,6,0.0,0.0,0.0,0,0,0.8272,0.2114,6,2,60,0.8483,26,1.45,0.669,MEDIUM
login_flow,1.0,0.0,0.0,8,1.0,0.0,1.0,4,1,0.8508,0.3363,7,5,54,0.7586,24,4.326,0.571,MEDIUM
login_flow,1.0,0.0,0.0,9,1.0,0.0,1.0,4,1,0.4309,0.2498,8,3,64,0.9514,42,3.669,0.986,LOW
login_flow,0.0,0.0,1.0,6,1.0,0.0,1.0,3,1,0.752,0.3632,6,5,136,0.8812,64,3.584,0.615,MEDIUM
search,0.0,0.0,1.0,2,0.0,0.0,1.0,1,1,0.892,0.1069,2,0,31,0.9874,50,0.829,0.016,LOW
checkout,0.0,0.0,1.0,7,1.0,1.0,1.0,6,2,0.5432,0.3871,7,6,152,0.5222,53,7.567,1.628,HIGH
search,0.0,0.0,1.0,3,0.0,0.0,0.0,1,1,0.8967,0.1011,2,0,29,0.873,59,0.658,0.083,MEDIUM
search,1.0,0.0,0.0,3,0.0,0.0,1.0,1,1,0.834,0.1363,2,0,22,0.9753,13,1.954,0.0,LOW
login_flow,1.0,0.0,0.0,10,1.0,0.0,1.0,2,1,0.7584,0.3882,3,4,62,0.8512,27,5.389,0.696,MEDIUM
login_flow,0.0,1.0,0.0,3,1.0,0.0,1.0,4,1,0.4945,0.1557,1,3,100,0.8807,49,2.809,0.633,MEDIUM
checkout,1.0,0.0,0.0,9,0.0,1.0,1.0,4,1,0.5516,0.5275,10,3,109,0.9756,25,5.227,1.479,LOW
cart_ops,0.0,1.0,0.0,7,1.0,0.0,0.0,0,4,0.9129,0.1464,1,1,71,0.8952,30,1.119,0.49,MEDIUM
cart_ops,0.0,1.0,0.0,9,0.0,0.0,1.0,1,3,1.0,0.1938,4,0,64,0.8118,26,2.46,0.639,MEDIUM
search,0.0,0.0,1.0,1,0.0,0.0,0.0,1,2,0.9997,0.1046,2,1,39,0.886,65,1.144,0.27,MEDIUM
cart_ops,0.0,1.0,0.0,6,1.0,0.0,0.0,1,0,0.6663,0.2209,5,2,61,0.8263,27,2.415,0.2,MEDIUM
login_flow,1.0,0.0,0.0,10,1.0,0.0,1.0,2,2,0.6595,0.2751,0,2,79,0.6206,51,7.849,1.264,HIGH
cart_ops,0.0,1.0,0.0,6,0.0,0.0,0.0,0,5,0.9086,0.1391,4,2,22,0.8127,26,2.787,0.072,MEDIUM
checkout,1.0,0.0,0.0,16,1.0,1.0,1.0,6,2,0.5869,0.7427,5,7,116,0.7659,18,6.74,1.676,MEDIUM
search,0.0,0.0,1.0,2,0.0,0.0,1.0,1,2,0.8366,0.0838,3,0,47,0.9662,54,1.699,0.0,LOW
search,0.0,0.0,1.0,3,0.0,0.0,1.0,1,2,0.8583,0.0106,2,0,25,0.9872,91,1.681,0.481,LOW
login_flow,0.0,1.0,0.0,8,1.0,0.0,1.0,4,1,0.7373,0.2532,8,4,102,0.8784,29,3.747,0.92,MEDIUM
login_flow,1.0,0.0,0.0,8,1.0,0.0,1.0,3,2,0.7157,0.4605,8,5,108,0.6473,48,2.759,0.249,HIGH
cart_ops,0.0,1.0,0.0,5,0.0,0.0,0.0,2,2,1.0,0.0,2,0,31,0.9285,29,2.372,0.343,LOW
search,1.0,0.0,0.0,4,0.0,0.0,0.0,0,1,0.9335,0.0632,3,0,45,0.9627,66,0.468,0.145,LOW
checkout,1.0,0.0,0.0,15,0.0,1.0,1.0,5,1,0.4793,0.6085,6,3,164,0.8914,26,4.719,2.226,MEDIUM
search,0.0,0.0,1.0,3,0.0,0.0,1.0,1,1,0.9912,0.0203,2,0,32,0.9808,34,1.254,0.137,LOW
search,0.0,0.0,1.0,3,0.0,0.0,0.0,2,1,0.9298,0.1354,2,0,34,0.9303,59,0.1,0.346,LOW
cart_ops,1.0,0.0,0.0,7,0.0,0.0,0.0,2,3,0.7792,0.1375,7,1,43,0.8479,29,1.636,0.734,MEDIUM
login_flow,0.0,1.0,0.0,7,1.0,0.0,1.0,2,1,0.471,0.598,7,3,68,1.0,42,5.664,0.665,LOW
login_flow,1.0,0.0,0.0,9,1.0,0.0,1.0,3,1,0.5917,0.4427,7,5,109,0.7526,25,2.856,0.811,MEDIUM
cart_ops,1.0,0.0,0.0,8,0.0,0.0,0.0,2,2,0.86,0.1046,5,0,60,0.9249,18,1.103,0.089,LOW
login_flow,1.0,0.0,0.0,8,1.0,0.0,1.0,3,0,0.6667,0.5037,5,3,47,0.8824,43,3.756,0.551,MEDIUM
cart_ops,0.0,0.0,1.0,6,1.0,0.0,0.0,2,5,0.6862,0.1784,6,1,56,0.8266,37,2.685,0.781,MEDIUM
checkout,1.0,0.0,0.0,14,0.0,1.0,1.0,5,3,0.4993,0.4702,9,1,161,0.8548,30,8.267,2.152,MEDIUM
search,0.0,0.0,1.0,3,0.0,0.0,1.0,0,1,0.9364,0.037,2,1,25,0.9151,75,0.764,0.314,MEDIUM
search,0.0,1.0,0.0,4,0.0,0.0,0.0,2,1,0.8392,0.0518,0,0,42,0.8904,46,1.017,0.295,MEDIUM
login_flow,0.0,1.0,0.0,9,1.0,0.0,1.0,3,1,0.6809,0.5808,7,5,110,0.8434,26,4.123,0.797,MEDIUM
search,0.0,0.0,1.0,3,0.0,0.0,0.0,1,0,0.9855,0.0,2,0,55,0.9217,56,1.252,0.504,LOW
checkout,1.0,0.0,0.0,12,0.0,1.0,1.0,6,1,0.2693,0.5009,10,0,162,0.7287,29,4.994,2.117,HIGH
login_flow,1.0,0.0,0.0,7,1.0,0.0,1.0,5,1,0.7204,0.3894,5,5,85,0.8017,64,5.418,1.491,MEDIUM
checkout,1.0,0.0,0.0,12,0.0,1.0,1.0,6,1,0.7002,0.7479,12,2,145,0.8855,13,5.05,0.533,MEDIUM
cart_ops,0.0,1.0,0.0,6,0.0,0.0,0.0,2,3,0.7473,0.045,5,2,80,0.8321,30,1.984,0.0,MEDIUM
checkout,1.0,0.0,0.0,11,1.0,1.0,1.0,5,4,0.7858,0.2485,8,3,116,0.5767,0,6.116,1.653,HIGH
cart_ops,0.0,1.0,0.0,6,0.0,0.0,1.0,2,2,0.8025,0.1887,2,2,49,1.0,13,1.534,0.554,LOW
cart_ops,0.0,1.0,0.0,4,1.0,0.0,0.0,2,3,0.8536,0.0567,2,2,69,0.9519,38,1.411,0.743,LOW
login_flow,1.0,0.0,0.0,14,1.0,0.0,1.0,4,1,0.6403,0.3545,4,3,108,0.5844,28,3.679,1.208,HIGH
search,0.0,1.0,0.0,4,0.0,0.0,1.0,1,1,0.9257,0.1364,2,0,38,0.946,63,1.164,0.155,LOW
cart_ops,0.0,1.0,0.0,5,0.0,0.0,0.0,1,4,0.7507,0.1876,4,1,41,0.8626,50,2.293,0.329,MEDIUM
search,0.0,0.0,1.0,4,0.0,0.0,0.0,0,1,0.8934,0.1135,1,0,13,1.0,65,1.349,0.184,LOW
checkout,1.0,0.0,0.0,11,1.0,1.0,1.0,4,3,0.6259,0.7879,10,5,48,0.8265,20,7.261,1.629,MEDIUM
search,0.0,0.0,1.0,2,0.0,0.0,0.0,1,1,0.8903,0.0491,1,0,48,1.0,33,2.14,0.322,LOW
cart_ops,0.0,1.0,0.0,4,0.0,0.0,0.0,1,5,0.8399,0.0715,2,0,31,0.9686,46,2.885,0.374,LOW
login_flow,1.0,0.0,0.0,11,1.0,0.0,1.0,2,1,0.5917,0.5137,7,4,105,0.9398,49,4.601,0.881,LOW
checkout,0.0,0.0,1.0,17,1.0,1.0,1.0,6,2,0.703,0.5704,9,7,112,0.861,25,7.187,0.282,MEDIUM
checkout,1.0,0.0,0.0,16,1.0,1.0,1.0,5,3,0.5286,0.8799,1,3,150,0.7087,33,3.678,1.275,HIGH
login_flow,1.0,0.0,0.0,9,1.0,0.0,1.0,3,0,0.8989,0.2992,2,2,103,0.8189,60,3.277,1.183,MEDIUM
search,0.0,1.0,0.0,3,0.0,0.0,0.0,1,1,0.9961,0.0,1,0,39,0.9279,59,0.949,0.0,LOW
login_flow,0.0,1.0,0.0,9,1.0,0.0,1.0,2,1,0.6947,0.1727,4,4,86,0.745,29,2.611,0.0,HIGH
checkout,1.0,0.0,0.0,8,1.0,1.0,1.0,5,3,0.5443,0.4022,11,4,161,0.8293,36,6.177,2.389,MEDIUM
cart_ops,0.0,1.0,0.0,4,0.0,0.0,1.0,0,3,0.8743,0.1684,5,1,63,0.699,44,2.29,0.725,HIGH
login_flow,0.0,1.0,0.0,8,1.0,0.0,1.0,4,2,0.7027,0.2529,3,4,74,0.7632,39,3.32,0.944,MEDIUM
search,1.0,0.0,0.0,3,0.0,0.0,0.0,1,1,0.8935,0.0368,2,0,31,0.9146,52,1.084,0.294,MEDIUM
login_flow,1.0,0.0,0.0,7,1.0,0.0,1.0,4,2,0.7442,0.3044,6,3,47,0.756,29,5.759,0.721,MEDIUM
login_flow,1.0,0.0,0.0,8,1.0,0.0,1.0,2,1,0.6613,0.3194,6,2,85,0.8194,40,3.718,0.477,MEDIUM
search,0.0,0.0,1.0,2,0.0,0.0,1.0,1,1,0.8476,0.0277,2,0,56,0.9049,47,1.012,0.356,MEDIUM
cart_ops,0.0,1.0,0.0,9,0.0,0.0,0.0,1,3,0.8632,0.1052,5,2,52,0.8689,45,3.786,0.366,HIGH
cart_ops,0.0,0.0,1.0,5,0.0,0.0,0.0,1,3,0.7337,0.2418,1,1,65,1.0,34,0.613,0.375,LOW
search,1.0,0.0,0.0,3,0.0,0.0,1.0,0,1,0.9197,0.0552,2,0,21,0.9326,52,0.86,0.272,LOW
cart_ops,0.0,1.0,0.0,7,0.0,0.0,0.0,0,1,0.9726,0.0179,5,0,73,0.9374,32,3.265,0.465,LOW
cart_ops,0.0,0.0,1.0,8,1.0,0.0,1.0,1,4,0.9176,0.2928,3,2,56,0.9896,23,2.901,0.645,LOW
cart_ops,0.0,1.0,0.0,5,1.0,0.0,1.0,1,5,0.8201,0.2269,3,2,50,0.7859,27,2.827,0.483,MEDIUM
login_flow,0.0,0.0,1.0,7,1.0,0.0,1.0,4,2,0.7894,0.4354,5,3,108,0.8542,62,4.056,1.316,MEDIUM
search,0.0,0.0,1.0,1,0.0,0.0,1.0,1,2,0.9044,0.0627,2,0,41,0.9929,69,1.128,0.239,LOW
cart_ops,0.0,1.0,0.0,5,0.0,0.0,0.0,1,5,0.8964,0.01,3,1,74,0.7619,20,2.021,0.295,MEDIUM
search,0.0,1.0,0.0,4,0.0,0.0,0.0,1,1,0.9148,0.0149,0,0,50,0.9575,40,0.135,0.187,LOW
cart_ops,0.0,1.0,0.0,7,0.0,0.0,0.0,1,3,0.6943,0.2875,3,2,72,0.8708,36,3.385,0.317,MEDIUM
cart_ops,0.0,0.0,1.0,6,0.0,0.0,1.0,2,4,0.7059,0.2255,4,2,60,0.9401,17,1.539,0.528,LOW
login_flow,1.0,0.0,0.0,5,1.0,0.0,1.0,3,1,0.6173,0.1408,6,4,118,0.6722,55,5.159,0.831,HIGH
checkout,0.0,1.0,0.0,13,0.0,1.0,1.0,5,3,0.7738,0.1169,10,3,136,0.8122,24,9.484,2.469,MEDIUM
login_flow,1.0,0.0,0.0,8,1.0,0.0,1.0,3,2,0.7013,0.4076,4,3,65,0.8354,51,1.792,1.196,MEDIUM
search,0.0,1.0,0.0,3,0.0,0.0,1.0,0,1,0.9572,0.0437,4,0,14,0.956,46,0.46,0.446,LOW
checkout,1.0,0.0,0.0,12,1.0,1.0,1.0,4,2,0.5875,0.3913,8,4,95,0.5704,13,4.704,1.886,HIGH
cart_ops,1.0,0.0,0.0,9,0.0,0.0,0.0,1,2,0.9598,0.2116,2,0,51,0.9209,47,2.027,0.376,LOW
checkout,1.0,0.0,0.0,11,1.0,1.0,1.0,6,2,0.5436,0.7126,11,2,134,0.5575,12,5.649,1.697,HIGH
cart_ops,0.0,1.0,0.0,5,0.0,0.0,1.0,0,3,0.9307,0.1949,4,1,70,0.9101,36,1.495,0.543,MEDIUM
search,1.0,0.0,0.0,5,0.0,0.0,0.0,2,2,0.8625,0.0068,2,1,39,0.9075,66,2.224,0.281,HIGH
cart_ops,0.0,1.0,0.0,3,0.0,0.0,0.0,2,2,0.6891,0.2147,6,2,61,0.9367,17,2.531,0.091,LOW
search,0.0,1.0,0.0,3,0.0,0.0,1.0,1,1,0.9943,0.0804,3,0,31,0.9555,67,1.726,0.13,LOW
cart_ops,0.0,1.0,0.0,7,0.0,0.0,0.0,2,5,0.9007,0.0964,4,1,66,0.8399,34,0.647,0.498,MEDIUM
checkout,1.0,0.0,0.0,9,1.0,1.0,1.0,4,1,0.6008,0.34,6,3,99,0.6353,32,6.948,0.521,MEDIUM
cart_ops,0.0,1.0,0.0,4,1.0,0.0,0.0,1,1,0.8321,0.1754,1,1,46,0.7468,20,0.737,0.306,HIGH
login_flow,1.0,0.0,0.0,6,1.0,0.0,1.0,2,0,0.5878,0.5267,9,3,102,0.73,42,5.075,1.205,HIGH
cart_ops,0.0,1.0,0.0,6,1.0,0.0,0.0,1,4,0.8047,0.4674,1,1,46,0.8463,25,2.88,0.355,MEDIUM
search,0.0,0.0,1.0,2,0.0,0.0,0.0,0,1,0.9105,0.0605,2,0,48,0.9467,49,1.01,0.32,LOW
cart_ops,0.0,1.0,0.0,5,1.0,0.0,0.0,2,2,0.7515,0.2177,4,1,69,0.9658,29,1.012,0.272,LOW
checkout,1.0,0.0,0.0,6,1.0,1.0,1.0,6,0,0.6332,0.2802,5,4,178,0.6036,57,5.879,2.055,HIGH
checkout,1.0,0.0,0.0,10,0.0,1.0,1.0,5,3,0.4424,0.3921,5,2,194,0.8695,8,6.152,0.231,MEDIUM
cart_ops,0.0,1.0,0.0,7,1.0,0.0,0.0,2,3,0.7209,0.1947,2,2,69,0.974,26,2.643,0.492,LOW
search,1.0,0.0,0.0,2,0.0,0.0,0.0,0,1,0.9532,0.074,3,0,12,0.9855,69,0.832,0.525,LOW
checkout,1.0,0.0,0.0,14,1.0,1.0,1.0,5,3,0.6331,0.5829,7,3,121,0.5352,22,12.682,1.832,HIGH
login_flow,1.0,0.0,0.0,6,1.0,0.0,1.0,2,1,0.7676,0.2486,5,2,79,0.7875,43,2.795,1.118,MEDIUM
cart_ops,0.0,1.0,0.0,5,1.0,0.0,0.0,1,4,0.7808,0.2173,5,1,62,0.8608,3,2.644,0.044,MEDIUM
checkout,1.0,0.0,0.0,7,0.0,1.0,1.0,6,0,0.5377,0.2747,10,3,126,0.7187,37,8.066,2.064,HIGH
cart_ops,0.0,0.0,1.0,8,0.0,0.0,0.0,1,3,0.7611,0.054,8,0,58,1.0,29,1.804,0.609,LOW
login_flow,1.0,0.0,0.0,7,1.0,0.0,1.0,2,2,0.7502,0.0392,3,4,126,0.7876,39,3.523,0.587,MEDIUM
search,0.0,0.0,1.0,4,0.0,0.0,0.0,0,1,0.9091,0.0722,1,0,19,0.9263,44,0.379,0.323,LOW
search,1.0,0.0,0.0,3,0.0,0.0,0.0,0,1,1.0,0.0938,2,0,10,0.9648,68,0.569,0.395,LOW
search,0.0,1.0,0.0,3,1.0,0.0,0.0,1,2,0.8437,0.0,1,0,58,0.9712,64,0.945,0.212,LOW
cart_ops,0.0,0.0,1.0,6,0.0,0.0,1.0,2,2,0.9951,0.2187,5,1,51,0.957,34,2.568,0.231,LOW
search,0.0,1.0,0.0,3,0.0,0.0,1.0,1,0,0.8888,0.0,1,0,28,1.0,53,0.487,0.203,LOW
search,0.0,1.0,0.0,4,0.0,0.0,1.0,1,2,0.8861,0.0,2,0,31,0.968,63,0.911,0.23,LOW
login_flow,1.0,0.0,0.0,6,1.0,0.0,1.0,6,1,0.6352,0.1651,1,1,117,0.9366,32,4.935,0.084,LOW
login_flow,1.0,0.0,0.0,7,1.0,0.0,1.0,3,1,0.66,0.4962,2,2,91,0.6172,32,4.269,1.356,HIGH
cart_ops,0.0,0.0,1.0,7,1.0,0.0,0.0,0,4,0.8896,0.1268,3,0,55,0.7766,35,2.57,0.686,MEDIUM
login_flow,1.0,0.0,0.0,9,1.0,0.0,1.0,3,2,0.5706,0.3914,6,3,87,0.6193,22,3.408,0.951,HIGH
login_flow,1.0,0.0,0.0,10,1.0,0.0,1.0,4,1,0.67,0.4238,6,4,30,0.6378,31,4.397,0.812,HIGH
checkout,1.0,0.0,0.0,7,1.0,1.0,1.0,0,1,0.8161,0.4086,7,6,124,0.773,39,7.151,1.397,MEDIUM
login_flow,1.0,0.0,0.0,6,1.0,0.0,1.0,4,0,0.6072,0.3887,7,4,118,0.5866,39,3.543,1.21,HIGH
cart_ops,0.0,0.0,1.0,7,1.0,0.0,0.0,1,3,0.7289,0.3125,4,0,73,0.7733,38,2.158,0.424,MEDIUM
search,0.0,0.0,1.0,5,0.0,0.0,0.0,0,1,0.917,0.0358,3,0,13,0.9816,48,1.316,0.128,LOW
search,1.0,0.0,0.0,3,0.0,0.0,0.0,1,1,0.9137,0.0449,3,0,53,1.0,79,1.293,0.212,LOW
search,0.0,1.0,0.0,3,0.0,0.0,0.0,1,1,0.9209,0.0,1,0,56,0.9284,60,1.79,0.557,LOW
cart_ops,1.0,0.0,0.0,6,0.0,0.0,0.0,1,3,0.9029,0.2575,4,0,55,0.8079,37,2.85,0.0,MEDIUM
checkout,1.0,0.0,0.0,11,0.0,1.0,1.0,4,2,0.2731,0.6821,11,3,90,0.8046,57,5.444,1.366,MEDIUM
checkout,0.0,1.0,0.0,9,1.0,1.0,1.0,3,3,0.7036,0.658,12,2,149,0.6082,40,6.252,1.367,MEDIUM
search,0.0,1.0,0.0,3,0.0,0.0,0.0,2,0,0.9189,0.0123,3,0,42,0.9034,48,1.246,0.0,MEDIUM
checkout,1.0,0.0,0.0,6,0.0,1.0,1.0,4,2,0.4874,0.5297,8,5,121,0.6744,39,5.482,0.999,HIGH
cart_ops,0.0,1.0,0.0,6,0.0,0.0,0.0,1,3,0.708,0.202,4,1,70,0.9426,36,3.1,0.569,LOW
login_flow,1.0,0.0,0.0,10,1.0,0.0,1.0,3,2,0.7847,0.4168,5,3,83,0.8069,47,4.707,0.77,MEDIUM
search,0.0,0.0,1.0,4,0.0,0.0,1.0,2,2,0.9424,0.0,3,0,33,0.9905,81,0.591,0.126,LOW
cart_ops,0.0,1.0,0.0,6,1.0,0.0,0.0,1,3,0.823,0.2672,4,1,81,0.9115,36,2.416,0.06,MEDIUM
cart_ops,0.0,1.0,0.0,9,1.0,0.0,0.0,2,4,0.7395,0.147,9,0,70,0.8339,48,2.226,0.436,MEDIUM
search,0.0,0.0,1.0,3,0.0,0.0,0.0,0,1,0.9853,0.002,1,1,43,0.9769,29,0.824,0.247,MEDIUM
search,1.0,0.0,0.0,5,0.0,0.0,0.0,1,1,0.907,0.0969,2,0,23,0.9549,44,0.993,0.139,LOW
cart_ops,0.0,1.0,0.0,4,0.0,0.0,0.0,0,2,0.7639,0.0,1,1,37,0.964,13,2.275,0.154,LOW
search,1.0,0.0,0.0,3,0.0,0.0,1.0,1,2,0.9003,0.0876,1,0,27,1.0,37,0.541,0.208,LOW
cart_ops,1.0,0.0,0.0,6,1.0,0.0,0.0,0,4,0.7984,0.0845,7,0,52,0.9619,18,1.848,0.625,LOW
login_flow,1.0,0.0,0.0,11,1.0,0.0,1.0,4,0,0.7334,0.1121,6,3,113,0.8022,40,4.793,0.857,MEDIUM
search,0.0,0.0,1.0,3,0.0,0.0,0.0,1,1,0.8968,0.0948,2,0,37,0.9991,66,1.447,0.487,LOW
login_flow,0.0,1.0,0.0,5,1.0,0.0,1.0,4,1,0.7539,0.3126,4,2,164,0.7523,37,3.204,0.651,MEDIUM
login_flow,0.0,1.0,0.0,9,1.0,0.0,1.0,1,1,0.5602,0.5182,2,3,72,0.8667,18,2.12,0.734,MEDIUM
cart_ops,0.0,1.0,0.0,7,0.0,0.0,0.0,1,3,0.8479,0.228,5,1,46,0.8656,22,2.311,0.306,MEDIUM
login_flow,1.0,0.0,0.0,6,1.0,0.0,1.0,4,1,0.9039,0.1906,4,3,83,0.8643,42,5.658,0.909,LOW
checkout,0.0,1.0,0.0,15,1.0,1.0,1.0,5,4,0.3353,0.5085,5,4,105,0.9432,59,5.574,1.218,LOW
search,0.0,1.0,0.0,2,0.0,0.0,0.0,1,1,0.9622,0.0401,2,0,28,0.9808,46,1.658,0.407,LOW
checkout,1.0,0.0,0.0,10,1.0,1.0,1.0,6,2,0.6396,0.3904,7,4,33,0.7342,35,8.37,0.982,HIGH
search,0.0,0.0,1.0,3,0.0,0.0,1.0,2,1,0.8573,0.0107,0,0,35,0.9754,30,1.12,0.227,LOW
search,0.0,0.0,1.0,4,1.0,0.0,1.0,1,1,0.9245,0.0262,3,0,45,0.971,71,1.198,0.19,LOW
search,1.0,0.0,0.0,3,0.0,0.0,0.0,1,2,0.9381,0.042,3,0,14,0.9551,69,0.768,0.308,LOW
cart_ops,0.0,1.0,0.0,6,0.0,0.0,1.0,0,3,0.8565,0.1401,3,0,51,0.8452,23,1.939,0.444,MEDIUM
checkout,1.0,0.0,0.0,9,1.0,1.0,1.0,4,2,0.5998,0.5784,7,4,136,0.8316,20,4.203,0.921,MEDIUM
checkout,0.0,0.0,1.0,5,1.0,1.0,1.0,6,3,0.4438,0.5552,4,3,119,0.6473,34,7.061,0.97,HIGH
search,0.0,1.0,0.0,4,0.0,0.0,1.0,1,2,0.8915,0.0536,1,1,25,0.9464,55,0.793,0.171,LOW
search,0.0,0.0,1.0,3,0.0,0.0,0.0,1,0,0.9141,0.0052,3,0,31,0.9926,39,1.284,0.0,MEDIUM
cart_ops,0.0,0.0,1.0,6,1.0,0.0,1.0,1,5,0.6945,0.1094,4,1,30,0.9276,19,0.1,0.45,LOW
cart_ops,0.0,1.0,0.0,7,1.0,0.0,1.0,1,4,0.7033,0.2234,3,1,87,0.9067,33,1.517,0.284,MEDIUM
search,1.0,0.0,0.0,3,0.0,0.0,0.0,1,1,0.947,0.0516,3,0,21,0.9163,54,0.893,0.057,MEDIUM
cart_ops,0.0,1.0,0.0,4,0.0,0.0,0.0,0,3,0.8444,0.1587,2,0,45,0.8878,40,3.289,0.57,MEDIUM
cart_ops,0.0,1.0,0.0,8,0.0,0.0,0.0,1,2,0.7329,0.216,5,3,49,0.8319,41,2.036,0.622,MEDIUM
login_flow,1.0,0.0,0.0,11,1.0,0.0,1.0,3,0,0.5456,0.3431,6,1,85,0.6852,42,1.295,0.731,HIGH
search,0.0,0.0,1.0,3,0.0,0.0,0.0,2,1,0.9086,0.0577,2,0,27,0.9182,49,1.052,0.48,MEDIUM
cart_ops,0.0,0.0,1.0,6,1.0,0.0,0.0,2,2,0.7525,0.3512,2,0,74,0.8821,9,1.849,0.432,MEDIUM
search,1.0,0.0,0.0,4,0.0,0.0,1.0,1,1,0.9094,0.124,2,0,31,0.9271,89,0.1,0.027,LOW
checkout,1.0,0.0,0.0,11,1.0,1.0,1.0,5,0,0.5173,0.2354,7,5,118,0.7754,37,3.955,1.483,MEDIUM
cart_ops,0.0,0.0,1.0,5,0.0,0.0,0.0,0,2,0.724,0.1714,1,1,50,0.6879,29,2.294,0.324,HIGH
checkout,1.0,0.0,0.0,10,0.0,1.0,1.0,6,1,0.5053,0.336,5,6,157,0.4684,7,4.986,2.192,HIGH
cart_ops,0.0,1.0,0.0,7,0.0,0.0,1.0,1,1,0.9231,0.4061,6,2,74,0.9683,25,1.955,0.483,LOW
login_flow,0.0,0.0,1.0,9,1.0,0.0,1.0,2,0,0.6527,0.1588,7,4,122,0.8949,38,3.61,0.573,MEDIUM
checkout,1.0,0.0,0.0,17,1.0,1.0,1.0,6,0,0.5975,0.357,10,4,86,0.7383,39,8.573,0.217,HIGH
checkout,0.0,1.0,0.0,7,0.0,1.0,1.0,6,2,0.264,0.6155,7,5,89,0.6093,49,3.47,1.723,HIGH
cart_ops,1.0,0.0,0.0,4,0.0,0.0,0.0,2,3,0.9317,0.1714,4,1,60,0.9558,12,1.617,0.541,LOW
checkout,0.0,1.0,0.0,11,1.0,1.0,1.0,6,3,0.4518,0.4921,9,5,88,0.6669,24,5.462,1.545,HIGH
login_flow,1.0,0.0,0.0,11,1.0,0.0,1.0,3,1,0.8051,0.3441,2,2,102,0.8911,48,4.842,0.126,MEDIUM
checkout,1.0,0.0,0.0,14,1.0,1.0,1.0,3,1,0.6387,0.22,4,4,93,0.58,39,7.575,0.53,HIGH
cart_ops,0.0,1.0,0.0,7,0.0,0.0,1.0,1,4,0.9088,0.0582,4,2,82,0.8942,42,2.696,0.442,MEDIUM
login_flow,1.0,0.0,0.0,9,1.0,0.0,1.0,3,1,0.5739,0.4572,6,3,76,0.7929,50,6.658,1.185,MEDIUM
checkout,1.0,0.0,0.0,22,1.0,1.0,1.0,5,4,0.6502,0.2424,9,2,136,0.9602,24,6.361,1.012,LOW
checkout,1.0,0.0,0.0,7,1.0,1.0,1.0,5,2,0.7812,0.7651,6,6,117,0.626,28,5.221,1.166,HIGH
cart_ops,0.0,1.0,0.0,4,0.0,0.0,1.0,2,3,0.8395,0.1317,5,1,78,0.845,31,2.773,0.574,LOW
search,0.0,1.0,0.0,3,0.0,0.0,1.0,2,0,0.9042,0.1086,2,0,38,0.9558,63,0.935,0.0,LOW
login_flow,1.0,0.0,0.0,6,1.0,0.0,1.0,4,1,0.6309,0.1602,3,3,97,0.7208,30,5.286,0.699,HIGH
cart_ops,0.0,1.0,0.0,4,0.0,0.0,1.0,0,3,0.811,0.0,6,1,35,0.9312,18,2.138,0.536,LOW
cart_ops,0.0,1.0,0.0,6,1.0,0.0,1.0,1,4,0.8572,0.1019,2,2,74,0.8247,25,2.177,0.614,MEDIUM
cart_ops,0.0,1.0,0.0,7,0.0,0.0,0.0,0,2,0.9203,0.0839,1,1,55,0.8317,36,0.587,0.191,MEDIUM
cart_ops,1.0,0.0,0.0,7,0.0,0.0,0.0,1,2,0.8499,0.2124,4,2,51,0.8302,27,1.619,0.476,HIGH
search,0.0,0.0,1.0,3,0.0,0.0,1.0,2,1,0.8791,0.0614,4,0,44,0.945,66,0.835,0.297,LOW
checkout,1.0,0.0,0.0,15,1.0,1.0,1.0,5,2,0.4787,0.3981,7,6,88,0.681,0,7.443,1.715,HIGH
login_flow,0.0,1.0,0.0,8,1.0,0.0,1.0,3,1,0.6242,0.4961,4,5,65,0.6604,44,3.695,0.713,HIGH
checkout,0.0,0.0,1.0,11,1.0,1.0,1.0,5,3,0.3517,0.6829,3,6,172,0.7942,52,4.221,2.033,MEDIUM
search,0.0,0.0,1.0,4,0.0,0.0,1.0,1,1,0.8514,0.0447,2,0,42,0.9373,23,1.253,0.346,LOW
checkout,1.0,0.0,0.0,15,1.0,1.0,1.0,8,3,0.7146,0.4409,10,5,94,0.6499,20,11.747,1.053,HIGH
search,1.0,0.0,0.0,4,0.0,0.0,1.0,1,1,0.9224,0.0055,1,0,40,0.9319,68,1.385,0.287,LOW
checkout,1.0,0.0,0.0,11,0.0,1.0,1.0,6,4,0.6642,0.2306,11,5,149,0.7556,18,4.553,1.18,MEDIUM
cart_ops,1.0,0.0,0.0,5,0.0,0.0,0.0,1,3,0.6368,0.2339,3,0,40,0.9596,34,0.482,0.597,LOW
checkout,1.0,0.0,0.0,12,0.0,1.0,1.0,6,3,0.4612,0.3857,8,6,154,0.5693,27,9.205,2.231,HIGH
login_flow,1.0,0.0,0.0,5,1.0,0.0,1.0,3,1,0.5636,0.1684,4,5,124,0.6922,63,4.696,0.747,HIGH
search,0.0,0.0,1.0,3,0.0,0.0,1.0,1,1,0.9693,0.0,2,0,43,0.9365,43,1.303,0.088,LOW
login_flow,1.0,0.0,0.0,8,1.0,0.0,1.0,3,0,0.7131,0.4295,5,3,51,0.8287,53,3.439,0.852,MEDIUM
checkout,1.0,0.0,0.0,7,1.0,1.0,1.0,5,3,0.4308,0.3171,10,3,114,0.7811,20,7.103,1.253,MEDIUM
cart_ops,0.0,0.0,1.0,4,1.0,0.0,0.0,0,2,0.6309,0.1256,2,2,57,0.961,27,2.629,0.19,LOW
search,0.0,0.0,1.0,3,0.0,0.0,1.0,1,2,0.8525,0.1479,4,0,35,0.9714,81,0.855,0.176,LOW
search,0.0,1.0,0.0,4,0.0,0.0,0.0,1,1,0.9491,0.0319,4,0,26,1.0,47,0.556,0.296,LOW
cart_ops,0.0,0.0,1.0,6,0.0,0.0,0.0,2,2,0.7362,0.078,4,2,40,0.8895,31,1.278,0.206,MEDIUM
checkout,1.0,0.0,0.0,12,0.0,1.0,1.0,5,3,0.7971,0.4767,10,7,108,0.6002,13,4.29,3.01,HIGH
search,1.0,0.0,0.0,1,0.0,0.0,1.0,1,1,0.8862,0.0137,4,0,40,0.9435,63,1.156,0.0,LOW
login_flow,1.0,0.0,0.0,6,1.0,0.0,1.0,1,0,0.6824,0.341,5,2,91,0.8228,34,5.142,0.961,MEDIUM
login_flow,1.0,0.0,0.0,9,1.0,0.0,1.0,4,0,0.5929,0.4236,7,3,86,0.9022,37,2.35,0.351,MEDIUM
checkout,1.0,0.0,0.0,14,1.0,1.0,1.0,6,0,0.6057,0.0643,2,2,67,0.7083,46,7.61,1.28,HIGH
search,0.0,1.0,0.0,2,1.0,0.0,0.0,1,1,0.9177,0.0,1,0,23,0.9273,63,0.763,0.016,LOW
login_flow,1.0,0.0,0.0,7,1.0,0.0,1.0,3,1,0.7087,0.2284,6,4,121,0.6081,41,2.864,1.344,HIGH
login_flow,1.0,0.0,0.0,10,1.0,0.0,1.0,3,1,0.7094,0.3918,3,3,69,0.8313,21,4.893,1.223,MEDIUM
checkout,1.0,0.0,0.0,13,0.0,1.0,1.0,8,2,0.5281,0.6205,10,4,143,0.6797,24,4.165,1.466,HIGH
login_flow,1.0,0.0,0.0,5,1.0,0.0,1.0,2,2,0.532,0.3025,6,5,103,0.9001,55,3.901,0.776,MEDIUM
cart_ops,1.0,0.0,0.0,7,1.0,0.0,1.0,1,4,0.9041,0.0877,5,1,57,0.9683,43,2.888,0.469,LOW
login_flow,1.0,0.0,0.0,9,1.0,0.0,1.0,3,2,0.7552,0.335,8,1,109,0.6807,6,3.87,0.847,HIGH
checkout,1.0,0.0,0.0,8,0.0,1.0,1.0,5,2,0.443,0.5783,10,4,158,0.3,34,6.404,2.653,HIGH
cart_ops,0.0,1.0,0.0,6,1.0,0.0,1.0,1,3,0.8045,0.1819,5,0,67,0.9611,47,1.807,0.262,LOW
search,0.0,1.0,0.0,4,0.0,0.0,0.0,0,0,0.9117,0.0,1,0,23,0.9631,44,1.687,0.459,LOW
checkout,1.0,0.0,0.0,8,1.0,1.0,1.0,8,1,0.4662,0.308,7,4,129,0.7508,20,5.474,0.323,MEDIUM
cart_ops,0.0,1.0,0.0,6,0.0,0.0,0.0,2,3,0.7682,0.0621,6,2,61,0.8203,39,3.143,0.051,MEDIUM
search,0.0,0.0,1.0,3,0.0,0.0,1.0,2,1,0.9585,0.0,2,0,30,1.0,88,1.009,0.123,LOW
checkout,1.0,0.0,0.0,14,1.0,1.0,1.0,3,3,0.5907,0.3453,10,0,58,0.7281,30,3.852,1.759,HIGH
checkout,1.0,0.0,0.0,13,0.0,1.0,1.0,5,3,0.6663,0.4957,6,3,90,0.5697,6,4.24,0.261,HIGH
login_flow,1.0,0.0,0.0,8,1.0,0.0,1.0,3,1,0.6283,0.3674,5,4,106,0.8751,42,3.114,0.394,MEDIUM
cart_ops,1.0,0.0,0.0,7,0.0,0.0,0.0,3,4,0.881,0.2562,8,1,69,0.8373,11,3.022,0.364,MEDIUM
checkout,1.0,0.0,0.0,8,1.0,1.0,1.0,6,1,0.5993,0.4396,7,5,73,0.6991,19,6.763,1.588,HIGH
cart_ops,0.0,1.0,0.0,5,0.0,0.0,0.0,0,2,0.7896,0.1816,5,2,74,0.8326,35,2.057,0.037,MEDIUM
login_flow,0.0,0.0,1.0,8,1.0,0.0,1.0,3,2,0.6405,0.0,3,4,101,0.7613,52,5.309,1.45,MEDIUM
login_flow,1.0,0.0,0.0,11,1.0,0.0,1.0,3,1,0.7222,0.3099,3,1,65,0.8089,51,3.663,1.307,MEDIUM
checkout,0.0,0.0,1.0,13,1.0,1.0,1.0,4,2,0.8189,0.3126,11,3,149,0.7304,41,4.3,0.77,HIGH
checkout,1.0,0.0,0.0,13,0.0,1.0,1.0,2,1,0.7531,0.414,10,4,187,0.4707,23,7.673,1.537,HIGH
checkout,0.0,1.0,0.0,14,1.0,1.0,1.0,4,3,0.7271,0.6189,6,5,156,0.6891,34,3.213,1.226,HIGH
search,0.0,0.0,1.0,4,0.0,0.0,0.0,1,1,0.9358,0.0296,3,0,51,0.9299,44,0.853,0.456,LOW
checkout,1.0,0.0,0.0,15,1.0,1.0,1.0,6,0,0.534,0.6757,6,4,143,0.6473,23,2.922,1.94,MEDIUM
login_flow,0.0,1.0,0.0,8,1.0,0.0,1.0,3,1,0.4911,0.0682,5,3,85,0.5131,50,4.85,0.266,HIGH
login_flow,0.0,0.0,1.0,7,1.0,0.0,1.0,1,1,0.7352,0.3222,3,5,112,0.7943,48,2.764,0.404,MEDIUM
search,1.0,0.0,0.0,3,0.0,0.0,1.0,1,1,0.8285,0.0838,1,0,38,0.9384,31,1.46,0.0,LOW
login_flow,0.0,1.0,0.0,10,1.0,0.0,1.0,3,2,0.7041,0.4411,2,2,119,0.8269,41,4.164,0.983,MEDIUM
checkout,1.0,0.0,0.0,9,1.0,1.0,1.0,8,3,0.5918,0.2876,11,5,142,0.7831,18,9.969,1.076,LOW
login_flow,1.0,0.0,0.0,9,1.0,0.0,1.0,2,1,0.7813,0.5837,7,3,105,0.7698,40,2.266,1.102,MEDIUM
cart_ops,0.0,1.0,0.0,7,0.0,0.0,0.0,2,3,0.8036,0.1886,4,2,38,0.9142,29,2.044,1.01,HIGH
login_flow,1.0,0.0,0.0,7,1.0,0.0,1.0,2,2,0.5311,0.3465,8,4,83,0.7684,42,3.692,0.264,MEDIUM
login_flow,1.0,0.0,0.0,7,1.0,0.0,1.0,3,1,0.6345,0.2385,7,4,130,0.9439,37,5.203,0.764,LOW
cart_ops,0.0,1.0,0.0,5,1.0,0.0,0.0,1,4,0.8716,0.1565,3,2,52,0.937,23,1.734,0.354,LOW
login_flow,1.0,0.0,0.0,9,1.0,0.0,1.0,5,1,0.5507,0.3781,4,2,97,0.7578,39,2.419,0.479,MEDIUM
cart_ops,0.0,1.0,0.0,6,0.0,0.0,0.0,0,3,0.9192,0.3166,4,2,92,0.877,24,2.048,0.195,MEDIUM
login_flow,1.0,0.0,0.0,7,1.0,0.0,1.0,3,2,0.8109,0.5397,5,4,76,0.5871,69,5.636,0.127,HIGH
cart_ops,0.0,1.0,0.0,7,0.0,0.0,0.0,2,2,0.848,0.3029,4,1,95,0.9176,23,1.78,0.387,LOW
login_flow,1.0,0.0,0.0,6,1.0,0.0,1.0,4,1,0.7522,0.2035,8,3,94,0.8741,37,4.206,0.827,MEDIUM
checkout,0.0,0.0,1.0,13,1.0,1.0,1.0,5,4,0.5429,0.9598,7,3,72,0.8349,21,5.881,1.877,MEDIUM
search,0.0,1.0,0.0,3,0.0,0.0,1.0,1,1,0.9885,0.03,4,0,24,0.9301,20,0.1,0.318,LOW
search,0.0,0.0,1.0,1,0.0,0.0,1.0,1,0,0.8605,0.1496,0,0,32,0.9611,59,0.685,0.313,MEDIUM
search,0.0,0.0,1.0,3,0.0,0.0,0.0,1,1,0.8777,0.0,1,0,47,0.9491,40,1.205,0.0,LOW
login_flow,1.0,0.0,0.0,5,1.0,0.0,1.0,3,1,0.8355,0.5702,1,0,75,0.8586,14,4.974,0.799,MEDIUM
login_flow,1.0,0.0,0.0,8,1.0,0.0,1.0,2,1,0.6373,0.2843,5,2,83,0.7897,48,3.653,1.006,MEDIUM
login_flow,0.0,1.0,0.0,6,1.0,0.0,1.0,4,0,0.5854,0.1779,5,3,92,0.9816,51,4.385,0.534,LOW
login_flow,1.0,0.0,0.0,5,1.0,0.0,1.0,3,1,0.6618,0.5354,4,4,127,0.7274,33,2.454,0.667,HIGH
search,0.0,0.0,1.0,3,0.0,0.0,1.0,0,1,0.8512,0.0614,1,1,51,0.9645,88,2.075,0.203,LOW
cart_ops,0.0,1.0,0.0,6,1.0,0.0,0.0,2,3,0.8309,0.0552,4,2,53,0.8037,44,1.96,0.343,MEDIUM
login_flow,1.0,0.0,0.0,6,1.0,0.0,1.0,3,1,0.5584,0.4475,4,4,106,0.7172,17,2.501,0.817,HIGH
checkout,1.0,0.0,0.0,13,1.0,1.0,1.0,7,3,0.6766,0.8346,5,2,179,0.5365,28,4.433,1.908,HIGH
cart_ops,1.0,0.0,0.0,5,1.0,0.0,0.0,0,2,0.7409,0.2418,4,2,36,0.9369,38,3.078,0.592,LOW
login_flow,1.0,0.0,0.0,6,1.0,0.0,1.0,4,1,0.7071,0.4498,5,0,86,0.8353,52,3.311,1.222,MEDIUM
search,0.0,1.0,0.0,4,0.0,0.0,1.0,1,1,1.0,0.0835,3,0,40,0.9624,73,2.071,0.408,LOW
checkout,1.0,0.0,0.0,17,1.0,1.0,1.0,4,3,0.5744,0.2796,14,4,114,0.6576,28,6.042,0.092,HIGH
login_flow,1.0,0.0,0.0,7,1.0,0.0,1.0,4,1,0.9151,0.4861,3,2,124,0.9006,36,3.74,0.86,MEDIUM
cart_ops,1.0,0.0,0.0,5,0.0,0.0,0.0,2,3,0.7796,0.2049,5,1,68,0.9082,29,2.711,0.04,MEDIUM
cart_ops,1.0,0.0,0.0,6,1.0,0.0,0.0,1,2,0.7507,0.1073,5,1,61,0.7062,43,1.195,0.588,MEDIUM
login_flow,1.0,0.0,0.0,6,1.0,0.0,1.0,3,1,0.5276,0.2698,5,4,114,0.7795,28,3.316,0.454,MEDIUM
checkout,1.0,0.0,0.0,11,1.0,1.0,1.0,6,1,0.3701,0.5081,13,3,90,0.505,16,3.985,0.145,HIGH
search,0.0,1.0,0.0,3,0.0,0.0,1.0,1,2,0.9614,0.0185,3,1,38,1.0,61,0.965,0.074,LOW
cart_ops,1.0,0.0,0.0,6,1.0,0.0,0.0,1,4,0.8305,0.0861,2,0,54,0.9184,18,2.181,0.656,MEDIUM
checkout,1.0,0.0,0.0,8,1.0,1.0,1.0,7,1,0.6752,0.6754,7,3,113,0.6645,18,7.259,1.328,HIGH
search,1.0,0.0,0.0,3,0.0,0.0,1.0,1,1,0.9613,0.0051,2,0,40,0.914,99,1.523,0.07,MEDIUM
search,0.0,0.0,1.0,2,0.0,0.0,0.0,1,1,0.8575,0.0799,2,0,34,0.9804,64,1.034,0.432,LOW
cart_ops,0.0,1.0,0.0,7,1.0,0.0,0.0,2,3,0.802,0.1326,6,2,41,0.9569,22,2.313,0.534,LOW
search,0.0,0.0,1.0,2,0.0,0.0,0.0,1,0,0.8718,0.0712,3,0,27,0.9942,58,0.987,0.12,LOW
checkout,1.0,0.0,0.0,13,0.0,1.0,1.0,6,3,0.5476,0.2334,12,1,86,0.5743,32,4.52,0.998,HIGH
checkout,1.0,0.0,0.0,7,1.0,1.0,1.0,6,1,0.6061,0.657,6,2,87,0.6439,28,10.901,0.08,HIGH
cart_ops,0.0,1.0,0.0,6,0.0,0.0,0.0,1,4,0.8749,0.0487,5,0,64,0.8522,35,1.491,0.718,MEDIUM
checkout,1.0,0.0,0.0,9,1.0,1.0,1.0,5,1,0.6743,0.6515,6,5,112,0.6869,55,6.283,1.493,HIGH
cart_ops,0.0,0.0,1.0,10,0.0,0.0,0.0,1,2,0.8037,0.1614,3,1,39,0.8017,18,2.153,0.405,MEDIUM
checkout,0.0,0.0,1.0,14,1.0,1.0,1.0,7,2,0.6081,0.3941,9,4,151,0.6068,40,5.63,2.089,HIGH
checkout,1.0,0.0,0.0,12,1.0,1.0,1.0,6,1,0.4312,0.5125,5,5,122,0.6802,20,7.669,2.558,HIGH
login_flow,1.0,0.0,0.0,5,1.0,0.0,1.0,3,1,0.7299,0.3758,6,3,89,0.8833,43,2.439,0.746,MEDIUM
cart_ops,0.0,0.0,1.0,8,0.0,0.0,1.0,2,3,0.8437,0.1604,7,2,69,0.8323,17,2.2,0.317,MEDIUM
search,0.0,0.0,1.0,3,0.0,0.0,1.0,2,1,1.0,0.0908,2,0,44,0.9818,64,1.928,0.169,LOW
login_flow,1.0,0.0,0.0,6,1.0,0.0,1.0,3,1,0.5719,0.3684,4,4,96,0.6464,28,5.307,0.14,HIGH
login_flow,0.0,1.0,0.0,12,1.0,0.0,1.0,3,1,0.6141,0.3435,3,4,103,0.7728,38,4.19,1.238,MEDIUM
checkout,1.0,0.0,0.0,12,1.0,1.0,1.0,3,2,0.6137,0.0301,11,7,157,0.6447,39,5.814,1.299,HIGH
login_flow,1.0,0.0,0.0,10,1.0,0.0,1.0,2,1,0.3958,0.4316,1,3,92,0.8905,45,4.895,0.679,MEDIUM
checkout,0.0,1.0,0.0,13,0.0,1.0,1.0,5,1,0.6189,0.6725,6,1,170,0.7499,36,7.117,1.183,HIGH
cart_ops,0.0,1.0,0.0,5,0.0,0.0,0.0,2,3,0.8472,0.1403,5,1,67,0.6847,19,1.26,0.351,HIGH
cart_ops,0.0,1.0,0.0,3,1.0,0.0,0.0,2,2,0.8291,0.1327,5,1,55,0.8493,30,1.295,0.154,MEDIUM
login_flow,0.0,0.0,1.0,9,1.0,0.0,1.0,5,1,0.5583,0.3423,4,3,89,0.8784,33,5.041,0.532,MEDIUM
cart_ops,1.0,0.0,0.0,7,0.0,0.0,0.0,1,2,0.8394,0.0,5,1,70,0.7378,28,2.438,0.0,HIGH
login_flow,1.0,0.0,0.0,10,1.0,0.0,1.0,4,1,0.657,0.4246,3,4,71,1.0,59,4.0,1.461,LOW
login_flow,1.0,0.0,0.0,11,1.0,0.0,1.0,3,0,0.7554,0.6749,1,5,118,0.7677,72,4.327,1.406,MEDIUM
search,0.0,0.0,1.0,3,0.0,0.0,1.0,0,2,0.8918,0.0548,3,0,26,0.9547,66,1.321,0.15,MEDIUM
search,0.0,0.0,1.0,5,0.0,0.0,0.0,1,1,0.8739,0.0591,0,1,66,0.9268,85,1.345,0.0,LOW
login_flow,1.0,0.0,0.0,6,1.0,0.0,1.0,4,0,0.6483,0.5466,7,2,58,0.8593,46,2.89,1.645,MEDIUM
cart_ops,1.0,0.0,0.0,6,1.0,0.0,0.0,1,3,0.8758,0.2157,3,1,71,0.761,27,2.621,0.558,MEDIUM
search,1.0,0.0,0.0,4,0.0,0.0,1.0,1,1,1.0,0.0933,1,0,28,0.9487,30,1.475,0.0,LOW
checkout,0.0,0.0,1.0,13,1.0,1.0,1.0,5,1,0.8546,0.4876,10,4,120,0.7697,15,3.023,1.351,MEDIUM
login_flow,1.0,0.0,0.0,8,1.0,0.0,1.0,3,1,0.5697,0.3793,0,4,76,0.7406,53,2.098,0.444,HIGH
search,0.0,0.0,1.0,5,0.0,0.0,0.0,1,1,0.8933,0.0935,2,0,54,0.9315,33,0.531,0.0,LOW
cart_ops,0.0,1.0,0.0,7,0.0,0.0,0.0,1,2,0.821,0.1577,3,2,36,0.8397,23,3.087,0.338,MEDIUM
cart_ops,0.0,0.0,1.0,5,0.0,0.0,0.0,0,2,0.7028,0.0569,3,2,80,0.7542,10,2.188,0.784,MEDIUM
search,0.0,0.0,1.0,3,0.0,0.0,1.0,1,1,0.907,0.0524,3,0,37,0.964,38,0.733,0.212,LOW
checkout,1.0,0.0,0.0,10,1.0,1.0,1.0,5,2,0.5937,0.6474,10,5,153,0.4685,34,5.371,0.87,HIGH
login_flow,1.0,0.0,0.0,8,1.0,0.0,1.0,4,1,0.7758,0.4205,6,3,80,0.5998,36,4.492,0.755,HIGH
cart_ops,0.0,0.0,1.0,7,1.0,0.0,0.0,0,2,0.738,0.0626,4,1,83,0.9098,38,3.23,0.689,MEDIUM
search,0.0,0.0,1.0,4,0.0,0.0,0.0,1,1,0.8884,0.0,2,0,42,0.8937,15,0.1,0.131,MEDIUM
checkout,1.0,0.0,0.0,9,1.0,1.0,1.0,6,0,0.4403,0.3926,11,4,126,0.6363,48,9.601,0.71,HIGH
cart_ops,1.0,0.0,0.0,5,1.0,0.0,0.0,0,3,0.8069,0.3493,6,1,70,0.9126,36,3.449,0.569,MEDIUM
checkout,1.0,0.0,0.0,15,0.0,1.0,1.0,2,1,0.4946,0.4673,6,4,129,0.7585,32,7.406,0.652,MEDIUM
cart_ops,0.0,1.0,0.0,6,1.0,0.0,0.0,2,2,0.8435,0.097,5,2,70,0.9524,36,1.72,0.351,LOW
checkout,1.0,0.0,0.0,13,1.0,1.0,1.0,6,2,0.6785,0.547,10,6,124,0.6521,13,8.466,1.466,HIGH
login_flow,1.0,0.0,0.0,8,1.0,0.0,1.0,3,1,0.7583,0.5444,8,2,80,0.7843,56,4.058,1.301,MEDIUM
checkout,1.0,0.0,0.0,14,1.0,1.0,1.0,7,1,0.7159,0.3573,7,6,159,0.5893,28,4.355,1.637,HIGH
cart_ops,0.0,1.0,0.0,6,0.0,0.0,1.0,0,3,0.8318,0.248,3,1,65,0.7958,40,1.678,0.584,MEDIUM
search,0.0,1.0,0.0,2,0.0,0.0,1.0,1,2,0.987,0.1047,3,0,36,0.9265,68,2.275,0.203,LOW
cart_ops,1.0,0.0,0.0,8,0.0,0.0,0.0,1,2,0.7901,0.0739,3,1,63,0.9309,26,1.25,0.278,LOW
cart_ops,0.0,1.0,0.0,10,0.0,0.0,0.0,0,4,0.8712,0.1052,6,0,44,0.7942,29,2.866,0.681,MEDIUM
login_flow,1.0,0.0,0.0,8,1.0,0.0,1.0,3,2,0.6895,0.6885,9,2,111,0.6481,31,7.554,1.138,HIGH
cart_ops,0.0,1.0,0.0,7,0.0,0.0,1.0,1,3,0.7508,0.1204,2,0,48,0.9303,41,1.902,0.482,LOW
checkout,1.0,0.0,0.0,7,1.0,1.0,1.0,5,2,0.5853,0.5711,5,3,54,0.6852,10,5.322,2.055,HIGH
login_flow,1.0,0.0,0.0,5,1.0,0.0,1.0,3,1,0.6501,0.2611,5,4,110,0.9052,21,3.438,1.443,HIGH
cart_ops,0.0,1.0,0.0,6,1.0,0.0,1.0,0,4,0.8357,0.2641,4,3,65,0.9077,28,3.244,0.367,MEDIUM
search,0.0,0.0,1.0,3,0.0,0.0,0.0,2,0,0.8482,0.0,1,0,23,0.9982,82,0.756,0.0,LOW
search,0.0,0.0,1.0,3,0.0,0.0,0.0,1,1,1.0,0.0,3,0,54,1.0,87,1.48,0.2,LOW
checkout,1.0,0.0,0.0,13,1.0,1.0,1.0,3,1,0.739,0.6588,6,4,103,0.6857,35,10.569,1.705,HIGH
search,0.0,1.0,0.0,2,0.0,0.0,1.0,1,1,0.8778,0.0,3,0,51,0.9793,50,0.709,0.358,LOW
login_flow,1.0,0.0,0.0,9,1.0,0.0,1.0,2,1,0.7505,0.3422,6,4,75,0.8791,37,2.714,0.633,MEDIUM
login_flow,1.0,0.0,0.0,7,1.0,0.0,1.0,4,2,0.6659,0.3178,7,3,69,0.5771,54,1.439,1.248,HIGH
cart_ops,0.0,1.0,0.0,5,0.0,0.0,0.0,0,3,0.7858,0.0757,4,1,78,0.8594,18,3.074,0.634,MEDIUM
login_flow,0.0,1.0,0.0,8,1.0,0.0,1.0,4,2,0.7108,0.3741,6,4,75,0.9221,54,5.597,1.136,LOW
search,0.0,0.0,1.0,3,0.0,0.0,1.0,1,1,0.9054,0.017,1,0,46,0.8978,69,1.101,0.176,MEDIUM
cart_ops,0.0,1.0,0.0,8,1.0,0.0,0.0,1,4,0.6583,0.09,1,0,82,0.8566,29,3.02,0.442,MEDIUM
login_flow,1.0,0.0,0.0,8,1.0,0.0,1.0,3,0,0.6867,0.2983,1,4,84,0.63,41,4.781,1.326,HIGH
cart_ops,0.0,1.0,0.0,7,1.0,0.0,0.0,3,2,0.7263,0.071,4,0,55,0.7544,26,1.88,0.486,MEDIUM
login_flow,1.0,0.0,0.0,10,1.0,0.0,1.0,3,2,0.661,0.4927,5,3,48,0.9724,26,3.83,0.739,LOW
checkout,1.0,0.0,0.0,10,1.0,1.0,1.0,6,2,0.6187,0.5824,7,3,127,0.84,32,5.521,0.612,MEDIUM
search,0.0,0.0,1.0,4,0.0,0.0,1.0,1,0,0.937,0.0252,2,0,20,0.9914,35,1.061,0.427,LOW
search,0.0,0.0,1.0,3,0.0,0.0,1.0,1,1,0.8939,0.0671,2,0,24,1.0,45,0.864,0.244,LOW
cart_ops,0.0,1.0,0.0,5,1.0,0.0,0.0,0,3,0.8912,0.2602,6,1,63,0.8599,40,1.784,0.562,MEDIUM
login_flow,0.0,1.0,0.0,7,1.0,0.0,1.0,5,1,0.7706,0.3034,5,3,93,0.7468,37,4.83,1.713,HIGH
search,0.0,1.0,0.0,3,0.0,0.0,0.0,0,0,1.0,0.0,3,0,34,0.9536,78,1.846,0.095,LOW
login_flow,1.0,0.0,0.0,9,1.0,0.0,1.0,4,1,0.6589,0.339,6,3,73,0.4892,64,6.091,0.541,HIGH
login_flow,1.0,0.0,0.0,8,1.0,0.0,1.0,4,2,0.6737,0.3113,7,4,98,0.6733,46,2.872,0.737,HIGH
checkout,1.0,0.0,0.0,12,1.0,1.0,1.0,5,2,0.3666,0.5078,4,5,157,0.7612,21,4.695,1.131,HIGH
checkout,1.0,0.0,0.0,10,1.0,1.0,1.0,4,1,0.7953,0.8987,9,4,125,0.5153,27,5.058,0.847,HIGH
checkout,0.0,1.0,0.0,9,1.0,1.0,1.0,5,2,0.6162,0.5379,14,4,151,0.7119,20,10.021,2.044,HIGH
cart_ops,0.0,1.0,0.0,6,0.0,0.0,0.0,0,3,0.7249,0.2457,4,1,44,0.8765,39,1.317,0.687,MEDIUM
checkout,1.0,0.0,0.0,12,1.0,1.0,1.0,2,1,0.6214,0.6327,6,7,152,0.5491,11,6.881,1.609,HIGH
checkout,1.0,0.0,0.0,10,1.0,1.0,1.0,2,1,0.6003,0.2689,9,5,147,0.6891,13,5.961,1.084,HIGH
cart_ops,0.0,0.0,1.0,7,1.0,0.0,0.0,1,3,0.8142,0.1809,3,1,61,0.8047,36,1.977,0.514,MEDIUM
login_flow,1.0,0.0,0.0,7,1.0,0.0,1.0,3,1,0.4061,0.2791,8,2,116,0.7716,24,2.311,0.835,MEDIUM
checkout,0.0,1.0,0.0,2,1.0,1.0,1.0,3,3,0.6849,0.5907,11,4,172,0.7303,37,5.535,0.606,HIGH
search,0.0,0.0,1.0,3,0.0,0.0,0.0,2,1,0.947,0.081,1,0,35,0.8995,32,0.944,0.0,MEDIUM
checkout,1.0,0.0,0.0,17,1.0,1.0,1.0,6,1,0.6748,0.3895,9,5,145,0.7884,21,5.166,0.937,MEDIUM
checkout,0.0,0.0,1.0,14,0.0,1.0,1.0,6,1,0.597,0.5054,5,4,119,0.6899,9,6.483,0.89,HIGH
login_flow,0.0,0.0,1.0,5,1.0,0.0,1.0,3,1,0.5823,0.2414,8,2,125,0.7775,32,2.514,0.353,MEDIUM
login_flow,1.0,0.0,0.0,8,1.0,0.0,1.0,2,1,0.6104,0.2606,4,4,76,0.7296,44,4.217,0.622,HIGH
search,0.0,1.0,0.0,3,0.0,0.0,1.0,0,2,0.9777,0.002,1,0,46,0.93,19,2.028,0.166,LOW
checkout,1.0,0.0,0.0,14,1.0,1.0,1.0,4,2,0.5119,0.419,7,6,94,0.8053,8,5.199,0.603,MEDIUM
cart_ops,0.0,0.0,1.0,8,0.0,0.0,0.0,0,4,0.8033,0.2816,5,1,86,0.843,25,1.71,0.397,MEDIUM
checkout,1.0,0.0,0.0,18,0.0,1.0,1.0,5,1,0.4245,0.5191,7,2,143,0.6637,24,7.408,0.553,HIGH
checkout,1.0,0.0,0.0,15,1.0,1.0,1.0,5,2,0.4967,0.5427,5,3,149,0.5122,23,5.812,1.34,HIGH
cart_ops,0.0,0.0,1.0,8,0.0,0.0,0.0,1,3,0.7633,0.0061,2,1,67,0.8153,34,2.243,0.238,MEDIUM
login_flow,1.0,0.0,0.0,6,1.0,0.0,1.0,3,1,0.7408,0.3781,6,2,68,0.7804,63,4.083,1.25,MEDIUM
cart_ops,0.0,1.0,0.0,6,0.0,0.0,1.0,1,3,0.9149,0.1355,2,1,72,0.9528,36,2.875,0.456,LOW
login_flow,1.0,0.0,0.0,5,1.0,0.0,1.0,3,0,0.586,0.2229,6,5,70,0.9453,16,5.296,0.93,LOW
login_flow,1.0,0.0,0.0,8,1.0,0.0,1.0,3,0,0.6377,0.2369,7,4,103,0.7346,55,4.207,0.709,HIGH
checkout,1.0,0.0,0.0,14,1.0,1.0,1.0,5,2,0.8557,0.6475,13,3,132,0.9306,26,6.198,1.027,LOW
cart_ops,1.0,0.0,0.0,5,1.0,0.0,0.0,0,2,0.9099,0.2276,4,1,73,0.9122,18,1.705,0.057,MEDIUM
cart_ops,1.0,0.0,0.0,6,1.0,0.0,1.0,1,3,0.7995,0.1225,5,1,55,0.7288,31,0.991,0.045,HIGH
search,1.0,0.0,0.0,4,0.0,0.0,0.0,1,2,0.8464,0.0096,2,0,18,0.9306,79,1.588,0.067,LOW
cart_ops,0.0,0.0,1.0,5,0.0,0.0,0.0,0,3,0.8978,0.1996,3,2,63,0.9373,27,2.231,0.54,MEDIUM
cart_ops,0.0,1.0,0.0,6,1.0,0.0,0.0,0,3,0.8134,0.126,6,2,67,0.8916,36,1.419,0.557,MEDIUM
search,0.0,1.0,0.0,4,0.0,0.0,0.0,1,1,0.9551,0.0827,2,0,12,0.9194,49,0.456,0.224,MEDIUM
cart_ops,0.0,1.0,0.0,6,0.0,0.0,1.0,0,5,0.8166,0.0563,5,1,55,0.7141,27,1.458,0.304,MEDIUM
search,0.0,0.0,1.0,3,0.0,0.0,0.0,1,1,0.8902,0.1116,1,1,21,1.0,74,1.014,0.101,LOW
cart_ops,0.0,1.0,0.0,3,0.0,0.0,0.0,1,2,0.8477,0.0,3,0,52,0.8044,22,2.442,0.457,MEDIUM
cart_ops,1.0,0.0,0.0,7,0.0,0.0,0.0,1,1,0.7977,0.2853,4,2,58,0.9477,22,1.981,0.184,LOW
checkout,1.0,0.0,0.0,13,1.0,1.0,1.0,4,2,0.5175,0.6314,9,3,163,0.56,20,4.033,0.59,HIGH
checkout,0.0,1.0,0.0,16,1.0,1.0,1.0,5,2,0.752,0.696,10,3,60,0.5759,25,4.232,1.535,HIGH
checkout,1.0,0.0,0.0,11,0.0,1.0,1.0,7,4,0.4607,0.6964,6,2,144,0.4807,23,8.878,0.77,HIGH
search,0.0,0.0,1.0,1,0.0,0.0,1.0,1,1,0.9457,0.1394,0,0,47,0.9686,76,1.555,0.536,LOW
checkout,1.0,0.0,0.0,14,1.0,1.0,1.0,5,4,0.6085,0.8349,14,4,132,0.8462,54,5.277,0.511,MEDIUM
checkout,1.0,0.0,0.0,17,0.0,1.0,1.0,6,0,0.4874,0.6562,9,4,112,0.8285,31,5.468,1.079,MEDIUM
cart_ops,0.0,0.0,1.0,9,1.0,0.0,0.0,0,4,0.7553,0.0,4,1,55,0.9371,33,2.695,0.345,LOW
login_flow,1.0,0.0,0.0,2,1.0,0.0,1.0,4,1,0.5777,0.3217,7,5,86,0.9787,33,4.292,0.796,LOW
checkout,1.0,0.0,0.0,13,0.0,1.0,1.0,6,1,0.5727,0.4781,8,4,76,0.6468,47,6.823,1.346,HIGH
search,0.0,1.0,0.0,2,0.0,0.0,1.0,1,1,0.8892,0.1649,2,0,56,0.9483,76,1.311,0.354,LOW
login_flow,1.0,0.0,0.0,9,1.0,0.0,1.0,2,0,0.5827,0.3149,5,2,95,0.6543,24,4.643,0.109,HIGH
checkout,1.0,0.0,0.0,9,1.0,1.0,1.0,4,1,0.6021,0.6355,9,3,145,0.8439,34,5.916,0.649,MEDIUM
search,0.0,1.0,0.0,3,0.0,0.0,1.0,2,2,0.9001,0.0538,0,0,35,0.9397,51,1.364,0.185,LOW
login_flow,0.0,1.0,0.0,8,1.0,0.0,1.0,3,2,0.5688,0.2339,3,3,61,1.0,44,6.439,1.478,LOW
cart_ops,0.0,0.0,1.0,4,1.0,0.0,0.0,2,1,0.712,0.1259,1,0,46,0.8409,12,1.635,0.379,MEDIUM
login_flow,0.0,1.0,0.0,10,1.0,0.0,1.0,4,1,0.7624,0.2988,5,3,117,0.8433,27,4.915,0.368,LOW
search,0.0,0.0,1.0,1,1.0,0.0,1.0,1,1,0.8624,0.0863,2,0,56,0.9421,51,2.214,0.0,LOW
checkout,0.0,0.0,1.0,10,1.0,1.0,1.0,4,2,0.813,0.5234,9,3,168,0.6826,38,7.38,1.301,HIGH
cart_ops,0.0,1.0,0.0,8,0.0,0.0,0.0,1,3,0.9016,0.1356,6,0,65,0.8373,35,2.556,0.243,MEDIUM
checkout,1.0,0.0,0.0,12,1.0,1.0,1.0,4,3,0.5767,0.5629,3,5,132,0.8675,25,4.534,0.078,MEDIUM
login_flow,1.0,0.0,0.0,6,1.0,0.0,1.0,2,1,0.6324,0.2372,4,4,77,0.6987,14,2.926,2.004,HIGH
cart_ops,0.0,1.0,0.0,4,0.0,0.0,0.0,1,3,0.7136,0.2285,2,1,64,0.9534,29,3.455,0.628,LOW
login_flow,0.0,0.0,1.0,7,1.0,0.0,1.0,3,1,0.6603,0.211,3,3,123,0.8032,37,3.572,0.635,MEDIUM
cart_ops,0.0,1.0,0.0,5,0.0,0.0,0.0,0,2,0.918,0.0625,5,1,57,0.887,18,1.654,0.406,MEDIUM
login_flow,0.0,0.0,1.0,8,1.0,0.0,1.0,2,0,0.5088,0.2966,4,4,60,0.8977,36,3.882,0.519,LOW
login_flow,1.0,0.0,0.0,9,1.0,0.0,1.0,4,1,0.6712,0.4593,7,4,101,0.6664,45,1.933,0.962,HIGH
checkout,1.0,0.0,0.0,12,1.0,1.0,1.0,4,2,0.6484,0.6875,11,3,130,0.5624,47,4.819,0.869,HIGH
search,0.0,0.0,1.0,2,1.0,0.0,1.0,1,0,0.8834,0.0235,5,0,37,0.9935,103,1.353,0.402,LOW
cart_ops,0.0,1.0,0.0,5,0.0,0.0,0.0,2,4,0.8913,0.1625,3,2,50,1.0,36,2.132,0.729,LOW
login_flow,1.0,0.0,0.0,8,1.0,0.0,1.0,3,2,0.7131,0.461,6,3,86,0.8842,20,3.983,0.408,MEDIUM
checkout,0.0,0.0,1.0,14,0.0,1.0,1.0,4,2,0.7158,0.4317,9,4,122,0.749,14,5.971,0.856,HIGH
search,1.0,0.0,0.0,3,0.0,0.0,0.0,1,1,0.9237,0.0421,1,0,34,0.9268,65,1.261,0.004,LOW
cart_ops,0.0,1.0,0.0,4,1.0,0.0,1.0,1,4,0.8547,0.2646,3,2,32,0.9183,18,2.058,0.547,MEDIUM
cart_ops,0.0,0.0,1.0,7,0.0,0.0,0.0,1,3,0.8917,0.2219,4,0,45,0.9225,16,2.875,0.512,LOW
cart_ops,1.0,0.0,0.0,9,1.0,0.0,1.0,0,2,0.766,0.267,3,3,54,1.0,27,2.616,0.439,LOW
login_flow,1.0,0.0,0.0,10,1.0,0.0,1.0,1,2,0.5755,0.5227,2,2,85,0.6531,33,2.506,0.698,HIGH
cart_ops,1.0,0.0,0.0,8,1.0,0.0,0.0,1,1,0.7836,0.0664,6,2,54,0.8763,38,2.937,0.14,MEDIUM
login_flow,1.0,0.0,0.0,10,1.0,0.0,1.0,2,2,0.5733,0.4728,4,1,72,0.9803,35,3.358,1.184,LOW
search,1.0,0.0,0.0,5,0.0,0.0,1.0,2,1,0.8287,0.0116,3,0,29,1.0,47,1.191,0.335,LOW
checkout,1.0,0.0,0.0,13,0.0,1.0,1.0,3,2,0.5581,0.604,6,4,100,0.8075,45,5.409,0.645,MEDIUM
search,0.0,0.0,1.0,3,0.0,0.0,1.0,2,0,0.7899,0.1376,1,0,17,0.9551,66,0.764,0.051,LOW
login_flow,0.0,1.0,0.0,10,1.0,0.0,1.0,4,0,0.8506,0.585,3,2,83,0.7072,25,3.684,0.0,HIGH
login_flow,0.0,0.0,1.0,8,1.0,0.0,1.0,2,1,0.6811,0.3636,3,3,84,0.7766,54,2.557,0.955,MEDIUM
cart_ops,0.0,0.0,1.0,8,0.0,0.0,0.0,0,4,0.7202,0.0582,2,2,63,0.8388,38,1.699,0.485,MEDIUM
login_flow,0.0,0.0,1.0,10,1.0,0.0,1.0,3,2,0.4929,0.553,0,2,121,0.6242,17,3.243,0.891,HIGH
checkout,1.0,0.0,0.0,6,0.0,1.0,1.0,3,3,0.6145,0.7749,9,3,104,0.5846,40,6.072,0.853,HIGH
cart_ops,0.0,1.0,0.0,7,0.0,0.0,0.0,1,3,0.8757,0.0763,6,0,68,0.8281,31,0.271,0.306,MEDIUM
login_flow,0.0,0.0,1.0,8,1.0,0.0,1.0,1,2,0.6349,0.425,5,0,89,0.8773,55,4.478,0.971,MEDIUM
login_flow,0.0,0.0,1.0,7,1.0,0.0,1.0,3,0,0.8924,0.2448,8,3,125,0.8889,40,3.85,0.305,MEDIUM
login_flow,1.0,0.0,0.0,8,1.0,0.0,1.0,3,2,0.8323,0.3054,3,4,109,0.9394,41,3.412,0.69,LOW
checkout,1.0,0.0,0.0,9,1.0,1.0,1.0,4,3,0.4402,0.8211,13,5,110,0.5186,42,5.972,1.156,HIGH
cart_ops,1.0,0.0,0.0,8,0.0,0.0,0.0,0,2,0.7772,0.1464,5,0,27,0.9384,32,1.169,0.619,LOW
checkout,0.0,1.0,0.0,13,0.0,1.0,1.0,8,2,0.4642,0.235,8,4,91,0.5369,23,8.454,0.562,MEDIUM
cart_ops,1.0,0.0,0.0,5,0.0,0.0,0.0,0,3,0.7796,0.0326,3,1,74,1.0,32,1.036,0.463,LOW
cart_ops,0.0,0.0,1.0,7,1.0,0.0,0.0,2,1,0.8051,0.2166,4,1,67,0.9026,24,2.393,0.357,MEDIUM
login_flow,1.0,0.0,0.0,4,1.0,0.0,1.0,4,1,0.599,0.481,2,2,79,0.6694,46,5.339,0.898,HIGH
cart_ops,1.0,0.0,0.0,6,1.0,0.0,0.0,1,2,0.8041,0.0,4,1,66,0.7552,25,1.405,0.416,MEDIUM
search,1.0,0.0,0.0,4,0.0,0.0,0.0,1,1,0.8985,0.0062,2,0,44,0.9328,49,1.156,0.473,LOW
checkout,1.0,0.0,0.0,12,1.0,1.0,1.0,5,3,0.6091,0.4858,9,1,166,0.6519,42,6.962,2.113,HIGH
login_flow,0.0,1.0,0.0,9,1.0,0.0,1.0,4,1,0.5911,0.5832,4,3,117,0.6458,56,3.109,0.0,HIGH
checkout,1.0,0.0,0.0,9,0.0,1.0,1.0,5,2,0.6097,0.5695,6,4,139,0.7872,41,5.068,1.77,MEDIUM
checkout,1.0,0.0,0.0,9,1.0,1.0,1.0,6,4,0.4503,0.6252,6,6,76,0.8157,40,5.253,1.511,MEDIUM
checkout,1.0,0.0,0.0,9,0.0,1.0,1.0,4,2,0.4632,0.4736,9,2,162,0.8936,24,4.248,2.0,MEDIUM
cart_ops,0.0,1.0,0.0,5,0.0,0.0,1.0,3,4,0.6728,0.1759,4,1,57,0.9528,28,2.809,0.607,LOW
checkout,0.0,1.0,0.0,11,1.0,1.0,1.0,6,2,0.5607,0.5071,6,3,190,0.9105,16,8.274,1.179,MEDIUM
login_flow,1.0,0.0,0.0,9,1.0,0.0,1.0,3,1,0.5242,0.2241,7,5,98,0.6558,20,3.27,0.534,HIGH
search,1.0,0.0,0.0,3,0.0,0.0,0.0,1,1,0.9605,0.0918,2,1,9,1.0,30,1.325,0.183,LOW
login_flow,1.0,0.0,0.0,10,1.0,0.0,1.0,3,1,0.6757,0.245,2,3,84,0.7785,34,4.364,0.184,MEDIUM
cart_ops,0.0,1.0,0.0,7,1.0,0.0,0.0,1,4,0.7463,0.0289,4,0,57,0.8735,27,3.087,0.25,MEDIUM
cart_ops,1.0,0.0,0.0,4,0.0,0.0,0.0,1,3,0.7538,0.1815,5,2,69,0.8591,22,0.979,0.508,MEDIUM
cart_ops,0.0,1.0,0.0,4,0.0,0.0,0.0,1,2,0.8115,0.288,2,2,76,0.9031,19,1.992,0.748,MEDIUM
cart_ops,0.0,1.0,0.0,6,0.0,0.0,0.0,0,2,0.699,0.2158,3,2,46,0.7789,25,1.887,0.466,MEDIUM
login_flow,1.0,0.0,0.0,7,1.0,0.0,1.0,3,0,0.6972,0.4392,2,4,68,0.7786,47,3.888,0.986,MEDIUM
cart_ops,0.0,1.0,0.0,6,1.0,0.0,0.0,1,3,0.9297,0.1185,6,1,49,0.9036,29,3.546,0.184,MEDIUM
search,0.0,1.0,0.0,4,0.0,0.0,1.0,2,1,0.9533,0.0474,2,0,28,1.0,66,1.09,0.004,LOW
search,1.0,0.0,0.0,2,0.0,0.0,0.0,1,1,0.9164,0.0,1,1,64,0.8939,35,0.342,0.0,MEDIUM
login_flow,1.0,0.0,0.0,8,1.0,0.0,1.0,2,2,0.7449,0.4792,4,4,69,0.8112,42,2.538,0.732,MEDIUM
checkout,1.0,0.0,0.0,15,1.0,1.0,1.0,4,2,0.6623,0.5815,14,6,88,0.8589,46,5.211,1.526,MEDIUM
checkout,0.0,1.0,0.0,8,1.0,1.0,1.0,6,2,0.5835,0.5105,11,5,97,0.6605,31,6.925,1.341,HIGH
checkout,1.0,0.0,0.0,11,1.0,1.0,1.0,5,1,0.8088,0.568,7,3,148,0.7115,34,5.455,0.85,HIGH
search,0.0,0.0,1.0,4,0.0,0.0,0.0,0,1,0.9161,0.0601,3,0,43,0.9354,52,1.003,0.239,LOW
search,0.0,1.0,0.0,2,0.0,0.0,1.0,2,2,1.0,0.0,2,0,32,0.9701,63,1.714,0.0,MEDIUM
cart_ops,0.0,1.0,0.0,7,1.0,0.0,0.0,0,4,0.8007,0.3138,3,1,39,0.8078,40,2.465,0.595,MEDIUM
checkout,1.0,0.0,0.0,13,1.0,1.0,1.0,5,2,0.5967,0.4454,7,4,96,0.6414,32,4.075,1.34,HIGH
checkout,1.0,0.0,0.0,14,0.0,1.0,1.0,5,5,0.5378,0.5957,6,5,130,0.7993,17,4.902,1.684,MEDIUM
cart_ops,0.0,1.0,0.0,4,1.0,0.0,0.0,2,4,0.8765,0.0,4,1,83,0.8963,5,2.426,0.494,MEDIUM
login_flow,1.0,0.0,0.0,9,1.0,0.0,1.0,4,0,0.7262,0.5715,6,3,74,0.8837,39,5.5,0.676,MEDIUM
search,0.0,0.0,1.0,4,0.0,0.0,0.0,2,1,0.9385,0.094,3,0,36,0.9443,69,1.371,0.463,LOW
search,1.0,0.0,0.0,4,0.0,0.0,1.0,1,1,0.9463,0.0488,1,0,18,0.8867,73,1.147,0.092,MEDIUM
login_flow,1.0,0.0,0.0,8,1.0,0.0,1.0,2,1,0.5446,0.3259,5,3,119,0.6774,40,4.001,0.56,HIGH
checkout,1.0,0.0,0.0,17,1.0,1.0,1.0,4,1,0.4187,0.537,6,5,119,0.6634,48,7.564,1.586,HIGH
cart_ops,0.0,1.0,0.0,4,0.0,0.0,0.0,0,3,0.8835,0.3253,4,0,56,0.9054,27,1.73,0.35,MEDIUM
cart_ops,0.0,1.0,0.0,4,0.0,0.0,0.0,1,3,0.8278,0.0828,4,1,37,0.8105,18,2.384,0.155,MEDIUM
checkout,1.0,0.0,0.0,17,0.0,1.0,1.0,5,2,0.638,0.5499,15,5,141,0.7861,24,7.326,1.164,MEDIUM
checkout,1.0,0.0,0.0,11,1.0,1.0,1.0,6,3,0.4907,0.7322,9,3,120,0.7711,19,9.605,0.929,MEDIUM
checkout,1.0,0.0,0.0,11,1.0,1.0,1.0,3,1,0.6414,0.4569,8,5,136,0.8542,23,4.301,0.762,MEDIUM
checkout,1.0,0.0,0.0,15,1.0,1.0,1.0,5,3,0.5156,0.7125,10,4,205,0.8094,20,5.791,1.625,MEDIUM
checkout,1.0,0.0,0.0,13,1.0,1.0,1.0,5,2,0.613,0.6072,9,5,125,0.6084,24,4.722,1.267,HIGH
login_flow,0.0,1.0,0.0,7,1.0,0.0,1.0,4,1,0.6991,0.1627,5,3,36,1.0,43,4.842,0.29,LOW
search,1.0,0.0,0.0,4,0.0,0.0,1.0,1,2,0.8895,0.0,2,0,35,0.9185,63,1.52,0.249,MEDIUM
cart_ops,0.0,0.0,1.0,4,0.0,0.0,0.0,2,4,1.0,0.1834,3,0,70,1.0,29,1.869,0.425,LOW
search,0.0,0.0,1.0,3,0.0,0.0,1.0,0,1,0.9096,0.0615,3,1,47,0.9642,49,0.813,0.339,LOW
search,0.0,0.0,1.0,4,0.0,0.0,0.0,0,1,0.9308,0.1254,3,0,51,0.8994,38,1.088,0.0,MEDIUM
search,1.0,0.0,0.0,1,0.0,0.0,1.0,0,1,0.9764,0.0319,3,0,25,0.9952,52,0.843,0.235,LOW
cart_ops,0.0,1.0,0.0,6,0.0,0.0,0.0,0,3,0.8392,0.2079,6,0,70,0.974,41,1.722,0.617,LOW
login_flow,0.0,1.0,0.0,7,1.0,0.0,1.0,3,1,0.5769,0.279,4,2,92,0.73,51,2.923,0.162,HIGH
checkout,1.0,0.0,0.0,18,1.0,1.0,1.0,6,3,0.5534,0.384,8,5,108,0.5528,16,4.692,1.865,HIGH
search,0.0,0.0,1.0,3,0.0,0.0,0.0,1,2,0.9241,0.0597,2,0,24,0.9282,46,0.336,0.368,LOW
search,0.0,1.0,0.0,4,1.0,0.0,1.0,1,0,0.8923,0.0796,2,0,39,0.9946,57,1.546,0.299,LOW
login_flow,1.0,0.0,0.0,7,1.0,0.0,1.0,3,1,0.6486,0.4494,3,1,65,0.773,62,4.271,1.545,MEDIUM
checkout,1.0,0.0,0.0,7,1.0,1.0,1.0,5,1,0.9222,0.3507,5,3,170,0.6737,52,4.694,1.842,HIGH
checkout,0.0,1.0,0.0,11,1.0,1.0,1.0,4,2,0.5673,0.6515,8,3,135,0.4457,27,3.835,1.388,HIGH
login_flow,0.0,0.0,1.0,5,1.0,0.0,1.0,4,2,0.5999,0.3058,6,4,64,0.7204,50,4.799,0.74,HIGH
checkout,0.0,0.0,1.0,13,0.0,1.0,1.0,2,0,0.5052,0.6248,10,2,130,0.6193,22,4.475,0.831,HIGH
checkout,1.0,0.0,0.0,10,0.0,1.0,1.0,5,1,0.615,0.4352,5,3,139,0.9197,33,6.972,1.846,MEDIUM
checkout,1.0,0.0,0.0,11,1.0,1.0,1.0,6,3,0.6985,0.5719,12,3,125,0.7712,44,5.392,0.944,MEDIUM
checkout,1.0,0.0,0.0,14,1.0,1.0,1.0,6,3,0.4368,0.339,8,4,102,0.6608,31,8.842,2.203,HIGH
login_flow,0.0,1.0,0.0,6,1.0,0.0,1.0,4,1,0.788,0.3697,5,4,35,0.8841,47,5.377,0.849,MEDIUM
checkout,0.0,0.0,1.0,7,1.0,1.0,1.0,5,1,0.5776,0.4531,4,5,32,0.8001,23,3.817,1.454,MEDIUM
search,0.0,0.0,1.0,2,0.0,0.0,0.0,1,1,0.9693,0.0132,3,0,41,0.8982,63,1.271,0.29,MEDIUM
login_flow,0.0,1.0,0.0,10,1.0,0.0,1.0,3,1,0.6429,0.285,5,6,105,0.7083,34,2.301,0.877,HIGH
search,0.0,0.0,1.0,3,0.0,0.0,0.0,1,1,0.882,0.0199,3,0,33,0.9721,72,1.315,0.166,LOW
search,1.0,0.0,0.0,2,0.0,0.0,1.0,1,1,0.9107,0.0227,0,0,55,0.9223,50,0.907,0.17,LOW
cart_ops,1.0,0.0,0.0,6,0.0,0.0,0.0,1,5,0.8176,0.0996,3,0,79,0.9117,51,0.816,0.35,MEDIUM
login_flow,1.0,0.0,0.0,13,1.0,0.0,1.0,4,1,0.6719,0.3991,8,3,133,0.6684,56,2.814,0.738,HIGH
checkout,1.0,0.0,0.0,18,0.0,1.0,1.0,5,3,0.5614,0.3938,6,2,197,0.8495,29,8.191,1.626,MEDIUM
cart_ops,0.0,1.0,0.0,6,0.0,0.0,0.0,0,4,0.8947,0.1937,4,0,80,1.0,19,2.837,0.419,LOW
cart_ops,0.0,1.0,0.0,8,0.0,0.0,0.0,1,3,0.9414,0.1687,0,2,52,0.7793,21,2.309,0.418,MEDIUM
cart_ops,1.0,0.0,0.0,6,1.0,0.0,0.0,1,3,0.7826,0.29,4,0,59,0.9392,15,1.438,0.108,LOW
cart_ops,0.0,1.0,0.0,6,0.0,0.0,1.0,2,5,0.8105,0.388,4,1,61,0.9291,43,2.281,0.638,LOW
cart_ops,0.0,1.0,0.0,7,0.0,0.0,0.0,1,3,0.722,0.1948,5,1,43,0.8486,56,2.195,0.362,MEDIUM
cart_ops,0.0,1.0,0.0,8,0.0,0.0,0.0,1,4,0.7378,0.0647,6,0,69,0.7128,18,2.087,0.047,HIGH
cart_ops,0.0,1.0,0.0,6,0.0,0.0,0.0,1,2,0.6201,0.1749,4,2,100,0.7816,20,2.366,0.09,MEDIUM
checkout,1.0,0.0,0.0,16,1.0,1.0,1.0,4,2,0.5449,0.4995,8,4,177,0.8531,21,7.159,1.67,MEDIUM
checkout,1.0,0.0,0.0,11,0.0,1.0,1.0,4,3,0.7196,0.4278,7,4,155,0.6399,43,3.947,0.519,HIGH
search,0.0,0.0,1.0,5,0.0,0.0,0.0,1,0,0.9844,0.1599,2,0,44,0.963,83,0.937,0.096,LOW
search,0.0,0.0,1.0,3,0.0,0.0,0.0,0,1,0.9779,0.0,1,0,42,0.9649,57,0.1,0.0,LOW
login_flow,1.0,0.0,0.0,5,1.0,0.0,1.0,4,1,0.7682,0.4095,9,3,78,0.6078,67,3.128,1.039,HIGH
login_flow,1.0,0.0,0.0,9,1.0,0.0,1.0,5,1,0.6098,0.3226,6,2,108,0.7406,47,2.74,0.262,HIGH
login_flow,0.0,0.0,1.0,11,1.0,0.0,1.0,3,2,0.6491,0.4621,7,3,71,0.7882,32,2.902,0.717,MEDIUM
search,0.0,0.0,1.0,2,0.0,0.0,1.0,1,1,0.9391,0.0771,3,0,19,0.9966,77,0.545,0.072,LOW
login_flow,0.0,0.0,1.0,6,1.0,0.0,1.0,3,0,0.7039,0.2993,3,3,107,0.6142,36,4.659,0.568,HIGH
checkout,1.0,0.0,0.0,15,1.0,1.0,1.0,6,0,0.5197,0.1681,10,5,114,0.75,19,4.18,1.166,HIGH
search,0.0,1.0,0.0,3,0.0,0.0,1.0,1,1,0.9617,0.0578,2,0,27,1.0,32,1.584,0.0,LOW
checkout,1.0,0.0,0.0,11,0.0,1.0,1.0,5,2,0.4525,0.511,9,3,123,0.7465,22,4.779,0.323,HIGH
search,1.0,0.0,0.0,3,0.0,0.0,0.0,2,0,0.9217,0.0701,2,0,33,0.9453,42,1.269,0.302,LOW
cart_ops,0.0,1.0,0.0,6,0.0,0.0,0.0,0,2,0.9062,0.3246,4,1,53,0.8552,25,1.351,0.619,HIGH
cart_ops,1.0,0.0,0.0,4,0.0,0.0,0.0,1,1,0.6109,0.2037,3,1,62,0.8207,15,2.876,0.504,MEDIUM
cart_ops,1.0,0.0,0.0,4,0.0,0.0,0.0,0,4,0.8933,0.1343,2,2,67,0.8115,45,2.96,0.846,MEDIUM
cart_ops,0.0,1.0,0.0,8,0.0,0.0,1.0,3,5,0.7276,0.2122,5,1,46,0.9437,35,1.492,0.396,LOW
checkout,1.0,0.0,0.0,13,1.0,1.0,1.0,5,0,0.676,0.5029,7,5,81,0.6022,20,4.664,1.03,HIGH
search,0.0,0.0,1.0,3,0.0,0.0,0.0,1,1,0.9077,0.0319,3,0,22,0.9919,50,0.484,0.226,LOW
login_flow,1.0,0.0,0.0,8,1.0,0.0,1.0,2,1,0.4912,0.4155,5,2,99,0.8061,45,4.351,0.065,MEDIUM
cart_ops,0.0,1.0,0.0,4,0.0,0.0,0.0,2,3,0.8147,0.1873,4,2,46,0.8351,25,3.201,0.511,MEDIUM
search,0.0,1.0,0.0,2,0.0,0.0,0.0,0,1,0.9004,0.0853,0,0,37,0.9254,8,1.104,0.214,LOW
cart_ops,0.0,1.0,0.0,7,0.0,0.0,1.0,0,4,0.8505,0.166,6,2,75,0.9427,18,2.505,0.0,LOW
cart_ops,0.0,0.0,1.0,8,1.0,0.0,0.0,1,3,0.689,0.329,6,2,29,0.9197,39,1.053,0.486,MEDIUM
login_flow,0.0,0.0,1.0,8,1.0,0.0,1.0,3,1,0.3818,0.228,6,2,58,0.731,40,4.097,0.138,HIGH
checkout,1.0,0.0,0.0,12,0.0,1.0,1.0,7,3,0.591,0.3243,9,2,161,0.4835,24,4.507,1.323,HIGH
login_flow,1.0,0.0,0.0,8,1.0,0.0,1.0,3,1,0.6136,0.3809,7,2,32,0.9913,52,4.173,0.457,LOW
cart_ops,1.0,0.0,0.0,6,1.0,0.0,0.0,1,3,0.8025,0.0,3,1,54,0.9401,42,2.691,0.644,LOW
cart_ops,0.0,1.0,0.0,5,0.0,0.0,0.0,2,4,0.8714,0.0608,4,1,65,0.8183,37,2.358,0.277,MEDIUM
login_flow,1.0,0.0,0.0,10,1.0,0.0,1.0,1,1,0.6154,0.2849,7,4,50,1.0,34,2.57,1.03,LOW
cart_ops,0.0,1.0,0.0,8,0.0,0.0,0.0,1,4,0.8089,0.1377,5,1,53,0.898,38,3.202,0.374,MEDIUM
login_flow,1.0,0.0,0.0,10,1.0,0.0,1.0,3,2,0.6749,0.5528,5,2,65,0.7593,44,2.762,0.519,MEDIUM
search,0.0,0.0,1.0,3,0.0,0.0,0.0,2,1,0.8817,0.0425,1,0,55,0.9218,53,1.49,0.008,MEDIUM
search,0.0,0.0,1.0,3,1.0,0.0,0.0,1,1,0.9113,0.0838,2,0,34,0.9788,34,1.421,0.001,LOW
checkout,1.0,0.0,0.0,12,1.0,1.0,1.0,5,1,0.7515,0.6674,7,3,143,0.6045,20,4.366,0.357,HIGH
search,0.0,0.0,1.0,3,0.0,0.0,0.0,2,1,0.9346,0.0714,2,0,44,0.9365,61,0.678,0.02,LOW
checkout,0.0,1.0,0.0,15,1.0,1.0,1.0,2,0,0.5482,0.7716,9,5,125,0.9187,22,5.913,1.237,MEDIUM
login_flow,1.0,0.0,0.0,6,1.0,0.0,1.0,2,2,0.7853,0.5566,7,4,58,0.8292,61,3.943,0.726,MEDIUM
checkout,1.0,0.0,0.0,12,1.0,1.0,1.0,5,2,0.6399,0.5056,3,5,68,0.6942,27,7.226,0.245,HIGH
checkout,1.0,0.0,0.0,11,1.0,1.0,1.0,4,3,0.5778,0.6122,11,6,91,0.7084,21,4.119,0.203,HIGH
search,1.0,0.0,0.0,3,0.0,0.0,0.0,2,0,0.9037,0.0079,1,0,41,0.9491,50,1.047,0.265,LOW
checkout,1.0,0.0,0.0,16,1.0,1.0,1.0,5,1,0.3763,0.2778,9,4,179,0.5893,40,7.249,1.204,HIGH
checkout,1.0,0.0,0.0,15,1.0,1.0,1.0,7,2,0.5453,0.3805,7,3,183,0.6942,17,2.267,0.645,HIGH
search,0.0,0.0,1.0,2,0.0,0.0,1.0,1,1,0.888,0.0249,4,0,40,0.9579,47,0.947,0.0,LOW
checkout,1.0,0.0,0.0,6,1.0,1.0,1.0,7,1,0.452,0.6232,8,3,154,0.6741,26,7.201,1.426,HIGH
cart_ops,1.0,0.0,0.0,3,1.0,0.0,0.0,0,5,0.8807,0.128,4,0,56,0.9799,34,1.484,0.53,LOW
cart_ops,0.0,0.0,1.0,6,1.0,0.0,1.0,2,2,0.8914,0.2195,5,1,44,0.9545,37,1.745,0.52,LOW
login_flow,1.0,0.0,0.0,4,1.0,0.0,1.0,3,1,0.559,0.3327,3,2,27,0.6718,51,4.26,0.482,HIGH
search,0.0,1.0,0.0,3,0.0,0.0,0.0,2,1,0.8497,0.0602,2,1,36,0.9159,64,1.278,0.164,MEDIUM
login_flow,0.0,1.0,0.0,11,1.0,0.0,1.0,3,1,0.6069,0.2725,8,4,127,0.8479,36,4.069,0.293,MEDIUM
checkout,1.0,0.0,0.0,16,1.0,1.0,1.0,8,1,0.5681,0.7114,10,7,150,0.6804,21,4.915,0.67,HIGH
search,0.0,0.0,1.0,5,0.0,0.0,0.0,1,1,0.9499,0.0468,3,0,5,1.0,85,1.915,0.0,LOW
checkout,1.0,0.0,0.0,9,0.0,1.0,1.0,5,4,0.4856,0.755,6,2,162,0.6,29,5.747,2.163,HIGH
cart_ops,0.0,1.0,0.0,7,1.0,0.0,1.0,1,2,0.7793,0.2217,4,1,45,1.0,58,0.388,0.0,LOW
checkout,1.0,0.0,0.0,17,0.0,1.0,1.0,5,1,0.7345,0.7047,7,3,118,0.8434,32,6.95,1.209,MEDIUM
checkout,1.0,0.0,0.0,8,0.0,1.0,1.0,5,3,0.6997,0.3906,8,3,115,0.5545,22,8.409,1.472,HIGH
cart_ops,0.0,1.0,0.0,5,0.0,0.0,0.0,1,3,0.9227,0.0012,3,1,59,0.8024,41,2.361,0.423,MEDIUM
cart_ops,1.0,0.0,0.0,6,1.0,0.0,0.0,2,2,0.8594,0.2101,2,2,75,0.9477,15,0.212,0.507,LOW
cart_ops,0.0,1.0,0.0,8,0.0,0.0,0.0,0,4,0.784,0.1312,3,1,89,0.6911,35,2.53,0.341,HIGH
search,0.0,0.0,1.0,4,0.0,0.0,0.0,1,2,0.9153,0.0414,2,0,26,0.9656,31,0.964,0.187,LOW
login_flow,1.0,0.0,0.0,8,1.0,0.0,1.0,4,2,0.5979,0.3759,2,4,74,0.7759,22,3.145,1.222,MEDIUM
checkout,0.0,1.0,0.0,11,0.0,1.0,1.0,7,3,0.7271,0.6034,8,3,140,0.6402,25,6.151,0.0,HIGH
login_flow,1.0,0.0,0.0,7,1.0,0.0,1.0,3,1,0.6141,0.3542,5,3,105,0.9471,72,3.13,1.145,LOW
search,0.0,0.0,1.0,4,0.0,0.0,0.0,2,0,0.9689,0.0,2,1,18,0.9868,25,0.903,0.218,MEDIUM
cart_ops,0.0,0.0,1.0,6,0.0,0.0,0.0,0,3,0.7957,0.1261,5,2,65,0.8419,35,3.14,0.419,MEDIUM
login_flow,1.0,0.0,0.0,8,1.0,0.0,1.0,5,1,0.7043,0.4185,7,3,52,0.7687,9,4.6,0.562,MEDIUM
checkout,1.0,0.0,0.0,10,0.0,1.0,1.0,6,4,0.387,0.2782,10,5,147,0.6273,28,7.468,1.902,HIGH
checkout,1.0,0.0,0.0,17,1.0,1.0,1.0,4,1,0.705,0.2311,3,6,127,0.8341,40,8.621,1.638,MEDIUM
cart_ops,0.0,1.0,0.0,7,1.0,0.0,1.0,2,3,0.8558,0.1456,6,0,87,0.8767,43,1.959,0.455,MEDIUM
cart_ops,0.0,1.0,0.0,7,1.0,0.0,1.0,2,4,0.9128,0.2285,4,1,40,0.6312,14,2.124,0.428,HIGH
search,0.0,0.0,1.0,3,0.0,0.0,1.0,0,1,0.9813,0.0042,1,0,55,0.9894,91,1.901,0.039,LOW
search,1.0,0.0,0.0,3,0.0,0.0,0.0,2,0,0.9409,0.0,2,0,32,0.9734,56,0.852,0.479,LOW
login_flow,1.0,0.0,0.0,6,1.0,0.0,1.0,3,1,0.5034,0.2277,6,1,75,0.5973,26,3.572,1.334,HIGH
cart_ops,0.0,1.0,0.0,5,1.0,0.0,0.0,0,4,0.7355,0.1674,5,1,54,0.842,15,2.116,0.427,MEDIUM
checkout,0.0,0.0,1.0,5,0.0,1.0,1.0,6,3,0.56,0.5962,11,5,153,0.5993,28,10.602,1.711,HIGH
search,0.0,0.0,1.0,4,0.0,0.0,1.0,1,1,0.94,0.0959,1,0,19,0.9542,67,0.278,0.0,LOW
checkout,1.0,0.0,0.0,13,1.0,1.0,1.0,6,2,0.5147,0.3795,10,5,94,0.5956,26,6.709,1.27,HIGH
login_flow,0.0,1.0,0.0,10,1.0,0.0,1.0,2,1,0.4974,0.1996,5,4,60,0.8637,19,3.822,0.568,MEDIUM
cart_ops,1.0,0.0,0.0,7,0.0,0.0,0.0,1,3,0.7885,0.0073,5,1,21,0.9011,39,1.802,0.379,HIGH
cart_ops,0.0,0.0,1.0,6,0.0,0.0,0.0,2,1,0.8493,0.1905,2,0,56,0.8116,25,2.152,0.314,MEDIUM
checkout,1.0,0.0,0.0,14,1.0,1.0,1.0,3,0,0.8436,0.47,7,7,69,0.755,43,6.943,1.217,MEDIUM
login_flow,1.0,0.0,0.0,8,1.0,0.0,1.0,3,0,0.6421,0.5057,4,4,63,0.7586,42,4.62,0.221,MEDIUM
checkout,1.0,0.0,0.0,13,0.0,1.0,1.0,7,1,0.8516,0.8355,7,5,119,0.7625,17,2.569,1.619,MEDIUM
login_flow,1.0,0.0,0.0,10,1.0,0.0,1.0,2,2,0.5319,0.346,5,3,98,0.7329,24,4.225,0.719,HIGH
checkout,1.0,0.0,0.0,16,1.0,1.0,1.0,3,1,0.6544,0.555,7,5,148,0.5193,23,8.259,1.759,HIGH
login_flow,1.0,0.0,0.0,6,1.0,0.0,1.0,3,1,0.6438,0.3702,4,4,105,0.8087,9,2.903,0.651,MEDIUM
search,0.0,0.0,1.0,4,0.0,0.0,0.0,1,1,0.8383,0.0638,3,0,51,1.0,48,0.887,0.241,LOW
cart_ops,0.0,1.0,0.0,6,0.0,0.0,1.0,2,2,0.8114,0.1846,7,1,45,0.8655,12,0.979,0.631,MEDIUM
checkout,1.0,0.0,0.0,13,1.0,1.0,1.0,3,2,0.575,0.1932,5,3,119,0.636,16,9.033,1.947,HIGH
login_flow,1.0,0.0,0.0,8,1.0,0.0,1.0,3,2,0.5071,0.4997,3,4,90,0.8548,47,6.772,1.249,MEDIUM
cart_ops,1.0,0.0,0.0,3,1.0,0.0,0.0,1,3,0.8042,0.0897,2,1,91,0.7864,28,2.54,0.5,MEDIUM
checkout,1.0,0.0,0.0,8,1.0,1.0,1.0,5,2,0.6159,0.5765,6,2,141,0.5669,46,6.616,0.938,HIGH
checkout,1.0,0.0,0.0,14,1.0,1.0,1.0,3,0,0.6793,0.6059,5,7,130,0.8132,36,4.713,1.499,MEDIUM
search,0.0,0.0,1.0,3,0.0,0.0,1.0,1,1,0.8641,0.0396,3,1,29,0.9633,48,0.922,0.419,LOW
cart_ops,0.0,1.0,0.0,7,0.0,0.0,0.0,1,4,0.8605,0.153,4,2,63,0.9742,42,2.153,0.359,LOW
search,1.0,0.0,0.0,3,0.0,0.0,0.0,1,0,0.8441,0.0,3,0,30,0.9895,51,1.017,0.158,LOW
login_flow,1.0,0.0,0.0,7,1.0,0.0,1.0,4,1,0.8174,0.062,3,2,87,0.787,39,5.703,1.049,MEDIUM
search,0.0,0.0,1.0,4,0.0,0.0,0.0,0,2,0.9094,0.0861,3,0,20,0.967,77,1.381,0.323,LOW
checkout,1.0,0.0,0.0,15,0.0,1.0,1.0,5,2,0.6054,0.0998,3,6,100,0.8689,33,5.725,1.199,MEDIUM
cart_ops,1.0,0.0,0.0,8,0.0,0.0,1.0,1,4,0.7589,0.1993,2,0,57,0.8812,27,3.199,0.569,MEDIUM
cart_ops,0.0,1.0,0.0,7,0.0,0.0,1.0,0,2,0.7156,0.0765,7,1,64,0.8911,15,2.141,0.296,HIGH
checkout,1.0,0.0,0.0,13,1.0,1.0,1.0,5,3,0.5898,0.3434,12,4,188,0.6041,44,10.391,2.129,HIGH
checkout,1.0,0.0,0.0,13,1.0,1.0,1.0,4,2,0.674,0.6425,8,2,161,0.7971,39,7.818,0.299,MEDIUM
login_flow,0.0,0.0,1.0,6,1.0,0.0,1.0,2,1,0.6651,0.3411,8,3,141,0.7372,28,3.551,0.754,HIGH
search,0.0,0.0,1.0,3,0.0,0.0,1.0,1,1,0.901,0.0582,2,0,20,0.9343,46,0.563,0.639,LOW
checkout,1.0,0.0,0.0,10,1.0,1.0,1.0,4,3,0.4902,0.4014,10,5,104,0.6778,27,5.705,1.814,HIGH
search,0.0,0.0,1.0,3,0.0,0.0,1.0,1,1,0.9468,0.0263,2,0,30,1.0,17,1.176,0.351,LOW
cart_ops,1.0,0.0,0.0,8,0.0,0.0,0.0,1,2,0.7744,0.2377,7,1,46,0.8855,10,0.76,0.288,MEDIUM
search,1.0,0.0,0.0,4,0.0,0.0,1.0,2,1,0.9667,0.0653,3,0,28,0.9764,19,0.574,0.033,LOW
search,0.0,1.0,0.0,2,0.0,0.0,0.0,1,1,0.8567,0.051,1,0,31,0.9648,48,0.916,0.192,LOW
checkout,1.0,0.0,0.0,14,1.0,1.0,1.0,5,3,0.5505,0.5755,6,2,132,0.6536,22,4.4,2.14,HIGH
cart_ops,1.0,0.0,0.0,4,0.0,0.0,0.0,0,2,0.8765,0.1949,4,1,73,0.7602,39,3.169,0.356,MEDIUM
cart_ops,1.0,0.0,0.0,5,1.0,0.0,0.0,1,3,0.8318,0.0968,3,2,39,0.9789,34,2.351,0.517,LOW
login_flow,1.0,0.0,0.0,6,1.0,0.0,1.0,5,1,0.7314,0.2149,0,4,116,0.8052,46,2.511,1.153,MEDIUM
search,0.0,1.0,0.0,2,0.0,0.0,1.0,1,1,0.9205,0.0889,2,1,45,0.9824,51,1.087,0.178,LOW
checkout,1.0,0.0,0.0,7,1.0,1.0,1.0,7,2,0.6171,0.4122,6,5,116,0.6632,45,5.529,1.064,MEDIUM
login_flow,1.0,0.0,0.0,9,1.0,0.0,1.0,2,0,0.6132,0.3063,5,3,61,0.8472,58,5.173,0.443,MEDIUM
cart_ops,0.0,1.0,0.0,5,1.0,0.0,1.0,0,3,1.0,0.0,3,0,52,1.0,16,2.41,0.415,LOW
login_flow,0.0,0.0,1.0,8,1.0,0.0,1.0,3,1,0.6559,0.4075,6,4,80,0.7882,54,5.401,0.837,MEDIUM
login_flow,1.0,0.0,0.0,7,1.0,0.0,1.0,2,1,0.6034,0.3445,7,4,54,0.9019,25,4.124,0.752,MEDIUM
search,0.0,1.0,0.0,1,1.0,0.0,0.0,1,1,0.9012,0.0907,2,1,37,0.9716,33,0.765,0.397,LOW
cart_ops,0.0,1.0,0.0,6,1.0,0.0,0.0,1,3,0.6598,0.0382,5,0,72,1.0,21,0.797,0.443,LOW
login_flow,1.0,0.0,0.0,9,1.0,0.0,1.0,3,1,0.8137,0.5179,4,3,108,0.6671,25,5.622,1.367,HIGH
login_flow,1.0,0.0,0.0,8,1.0,0.0,1.0,3,1,0.6817,0.444,6,2,102,0.7995,24,4.635,1.276,MEDIUM
checkout,1.0,0.0,0.0,13,1.0,1.0,1.0,4,3,0.5523,0.4474,7,5,118,0.8105,14,6.586,2.778,MEDIUM
login_flow,0.0,1.0,0.0,9,1.0,0.0,1.0,3,1,0.6767,0.5409,5,4,91,0.8979,41,3.571,0.543,MEDIUM
checkout,0.0,0.0,1.0,15,0.0,1.0,1.0,6,1,0.4026,0.4027,8,3,143,1.0,39,6.001,1.241,LOW
login_flow,1.0,0.0,0.0,8,1.0,0.0,1.0,4,1,0.6313,0.4195,6,3,77,0.8357,33,4.462,0.972,MEDIUM
search,0.0,1.0,0.0,3,0.0,0.0,0.0,1,1,0.8594,0.0,3,0,22,0.9388,17,0.633,0.226,LOW
search,0.0,1.0,0.0,2,0.0,0.0,0.0,1,1,0.9947,0.0006,2,0,56,0.9367,51,1.271,0.268,LOW
search,0.0,1.0,0.0,4,0.0,0.0,1.0,1,1,0.969,0.0146,3,0,55,0.885,58,0.902,0.259,MEDIUM
cart_ops,0.0,1.0,0.0,6,1.0,0.0,0.0,1,4,0.8257,0.0897,4,2,55,0.8725,36,2.667,0.167,MEDIUM
cart_ops,0.0,1.0,0.0,7,1.0,0.0,0.0,1,5,0.8081,0.2507,2,1,76,0.8062,37,2.077,0.686,LOW
login_flow,1.0,0.0,0.0,9,1.0,0.0,1.0,4,1,0.7269,0.3432,5,3,91,0.6817,53,4.147,1.062,HIGH
checkout,1.0,0.0,0.0,11,1.0,1.0,1.0,5,0,0.6071,0.4407,9,5,223,0.7936,14,6.006,2.026,MEDIUM
login_flow,1.0,0.0,0.0,7,1.0,0.0,1.0,4,1,0.5632,0.3206,3,5,65,0.7073,39,5.264,0.358,HIGH
checkout,0.0,0.0,1.0,13,1.0,1.0,1.0,3,5,0.5987,0.3813,10,2,75,0.7753,17,6.831,2.329,MEDIUM
search,1.0,0.0,0.0,4,0.0,0.0,0.0,0,1,0.881,0.0396,4,0,34,1.0,95,0.968,0.198,LOW
login_flow,1.0,0.0,0.0,8,1.0,0.0,1.0,4,1,0.3993,0.1415,8,3,65,0.5993,62,0.815,1.248,HIGH
login_flow,1.0,0.0,0.0,8,1.0,0.0,1.0,4,1,0.6942,0.352,3,4,94,0.5181,61,3.008,0.68,HIGH
checkout,1.0,0.0,0.0,18,1.0,1.0,1.0,4,2,0.5219,0.4285,6,5,141,0.7847,39,6.299,1.839,LOW
search,0.0,0.0,1.0,4,0.0,0.0,0.0,0,1,0.8787,0.0584,2,0,18,0.9469,67,0.376,0.123,LOW
search,0.0,0.0,1.0,4,0.0,0.0,0.0,1,0,0.9947,0.1557,4,1,32,0.9412,62,1.229,0.143,LOW
login_flow,0.0,0.0,1.0,8,1.0,0.0,1.0,2,1,0.5675,0.4006,2,3,47,0.9729,30,3.755,0.596,LOW
cart_ops,0.0,1.0,0.0,8,0.0,0.0,0.0,0,3,0.9099,0.1048,4,0,45,0.9365,33,2.191,0.24,LOW
checkout,1.0,0.0,0.0,15,1.0,1.0,1.0,7,3,0.5254,0.172,6,4,136,0.8066,25,6.521,1.92,MEDIUM
cart_ops,1.0,0.0,0.0,4,1.0,0.0,0.0,2,3,0.8302,0.1357,6,0,69,0.8641,30,3.071,0.748,MEDIUM
login_flow,1.0,0.0,0.0,5,1.0,0.0,1.0,6,1,0.7467,0.207,5,4,131,0.9531,33,3.875,1.649,LOW
login_flow,1.0,0.0,0.0,8,1.0,0.0,1.0,3,1,0.7192,0.3448,5,3,63,0.9427,28,1.924,0.248,LOW
cart_ops,1.0,0.0,0.0,5,1.0,0.0,1.0,1,2,0.7982,0.2441,6,2,62,0.9555,43,2.137,0.375,LOW
login_flow,1.0,0.0,0.0,8,1.0,0.0,1.0,6,1,0.609,0.3822,6,4,71,0.684,42,3.003,0.43,HIGH
checkout,1.0,0.0,0.0,16,0.0,1.0,1.0,5,2,0.6291,0.3322,8,4,111,0.7227,34,3.566,1.786,HIGH
checkout,1.0,0.0,0.0,11,1.0,1.0,1.0,4,1,0.441,0.4873,5,3,161,0.8034,29,7.943,1.696,MEDIUM
login_flow,1.0,0.0,0.0,10,1.0,0.0,1.0,2,0,0.6471,0.4131,6,2,65,0.846,32,1.369,0.849,MEDIUM
login_flow,1.0,0.0,0.0,7,1.0,0.0,1.0,4,0,0.4966,0.3123,5,4,82,0.8365,36,4.743,0.684,MEDIUM
search,0.0,0.0,1.0,2,0.0,0.0,1.0,1,0,0.9625,0.0,1,0,28,0.9597,57,1.178,0.201,LOW
login_flow,1.0,0.0,0.0,7,1.0,0.0,1.0,4,1,0.6085,0.3753,4,3,145,0.9993,35,2.19,1.385,LOW
checkout,0.0,1.0,0.0,16,0.0,1.0,1.0,5,1,0.3547,0.639,6,3,144,0.6026,23,5.517,0.91,HIGH
cart_ops,0.0,1.0,0.0,6,1.0,0.0,0.0,0,4,0.6304,0.3242,1,1,54,1.0,37,2.739,0.275,LOW
cart_ops,0.0,1.0,0.0,2,0.0,0.0,0.0,1,3,0.7677,0.1521,2,1,73,0.7571,23,1.559,0.741,MEDIUM
search,1.0,0.0,0.0,5,0.0,0.0,0.0,2,0,0.8878,0.09,3,1,50,0.9457,40,0.737,0.213,LOW
search,0.0,0.0,1.0,4,0.0,0.0,0.0,1,2,0.8657,0.1251,2,0,29,0.9936,40,1.066,0.256,LOW
cart_ops,1.0,0.0,0.0,5,1.0,0.0,0.0,1,1,0.8099,0.2639,5,1,48,0.9065,27,2.172,0.166,MEDIUM
search,1.0,0.0,0.0,4,1.0,0.0,0.0,1,1,0.9753,0.0329,2,1,46,0.9642,60,0.65,0.104,LOW
checkout,1.0,0.0,0.0,9,1.0,1.0,1.0,4,2,0.7498,0.8591,8,5,130,0.4729,14,7.248,1.145,HIGH
search,1.0,0.0,0.0,4,0.0,0.0,0.0,1,1,0.9892,0.0,1,0,29,1.0,14,0.658,0.235,LOW
search,1.0,0.0,0.0,2,0.0,0.0,1.0,1,1,0.8864,0.096,2,0,39,0.9947,96,1.961,0.243,LOW
search,0.0,0.0,1.0,2,0.0,0.0,0.0,0,2,0.9346,0.0835,1,1,47,0.8989,68,0.844,0.096,MEDIUM
search,1.0,0.0,0.0,1,0.0,0.0,0.0,1,1,0.9682,0.1101,1,0,13,1.0,44,1.502,0.36,LOW
checkout,1.0,0.0,0.0,11,1.0,1.0,1.0,5,1,0.5723,0.3461,10,8,52,0.5215,43,7.483,1.243,HIGH
login_flow,1.0,0.0,0.0,9,1.0,0.0,1.0,4,0,0.6629,0.3278,7,2,93,0.9454,55,4.544,0.773,LOW
search,0.0,0.0,1.0,3,0.0,0.0,1.0,1,1,0.9787,0.0525,2,0,40,1.0,83,0.816,0.204,LOW
cart_ops,0.0,1.0,0.0,4,0.0,0.0,1.0,0,3,0.7633,0.2147,3,1,72,0.8735,22,2.715,0.28,MEDIUM
login_flow,0.0,0.0,1.0,5,1.0,0.0,1.0,4,1,0.5869,0.4122,4,2,111,0.7595,33,4.646,0.768,MEDIUM
cart_ops,0.0,0.0,1.0,6,0.0,0.0,1.0,2,1,0.6219,0.041,3,0,81,0.8768,30,1.906,0.293,MEDIUM
search,1.0,0.0,0.0,3,0.0,0.0,0.0,2,1,0.8597,0.0871,2,0,36,0.9071,78,0.653,0.334,MEDIUM
login_flow,1.0,0.0,0.0,5,1.0,0.0,1.0,2,1,0.6728,0.2997,5,3,105,0.7888,49,3.663,1.132,MEDIUM
cart_ops,0.0,1.0,0.0,4,0.0,0.0,0.0,2,2,0.7603,0.0682,3,2,50,0.9376,32,1.977,0.056,LOW
checkout,1.0,0.0,0.0,10,1.0,1.0,1.0,7,2,0.4912,0.5183,9,4,80,0.5071,29,9.46,2.162,HIGH
cart_ops,1.0,0.0,0.0,4,0.0,0.0,0.0,0,2,0.8111,0.1307,4,0,63,0.8254,16,1.415,0.451,MEDIUM
checkout,1.0,0.0,0.0,13,1.0,1.0,1.0,6,2,0.7609,0.6436,7,3,124,0.7722,43,5.371,0.61,MEDIUM
login_flow,1.0,0.0,0.0,9,1.0,0.0,1.0,3,2,0.6817,0.3595,5,4,85,0.9157,18,6.527,0.757,MEDIUM
cart_ops,0.0,0.0,1.0,7,0.0,0.0,0.0,1,3,0.8624,0.0,6,2,41,0.9521,53,2.04,0.346,LOW
search,0.0,0.0,1.0,3,0.0,0.0,0.0,1,1,0.9168,0.1349,2,0,46,0.954,46,2.024,0.311,LOW
search,1.0,0.0,0.0,3,0.0,0.0,0.0,1,1,0.8542,0.0878,4,0,36,0.9451,51,2.2,0.141,LOW
search,1.0,0.0,0.0,1,0.0,0.0,0.0,1,1,0.9776,0.0909,4,0,37,0.9439,42,0.699,0.33,LOW
login_flow,1.0,0.0,0.0,9,1.0,0.0,1.0,3,1,0.4165,0.3609,1,2,64,0.8628,39,3.666,1.925,MEDIUM
login_flow,0.0,0.0,1.0,7,1.0,0.0,1.0,3,1,0.7695,0.2659,6,2,43,0.6838,53,5.869,0.774,HIGH
search,1.0,0.0,0.0,2,0.0,0.0,1.0,1,1,0.8536,0.1147,0,0,39,0.948,81,1.402,0.134,LOW
login_flow,1.0,0.0,0.0,5,1.0,0.0,1.0,4,1,0.6738,0.2527,3,2,90,0.8368,46,3.529,1.28,MEDIUM
cart_ops,0.0,1.0,0.0,7,0.0,0.0,0.0,0,3,0.6696,0.229,7,0,53,0.7713,13,2.849,0.115,MEDIUM
search,1.0,0.0,0.0,2,0.0,0.0,0.0,1,1,0.9257,0.0436,3,0,34,0.912,57,1.253,0.2,MEDIUM
search,0.0,0.0,1.0,3,0.0,0.0,0.0,1,2,0.8427,0.0449,1,0,24,0.9541,75,1.311,0.19,LOW
login_flow,1.0,0.0,0.0,7,1.0,0.0,1.0,3,1,0.424,0.5388,4,3,74,0.6131,70,1.86,0.711,HIGH
cart_ops,0.0,1.0,0.0,4,0.0,0.0,0.0,2,3,0.7765,0.2565,4,0,78,0.8333,37,0.248,0.513,MEDIUM
cart_ops,1.0,0.0,0.0,8,1.0,0.0,0.0,2,2,0.8441,0.1038,2,0,58,0.7725,18,2.398,0.295,MEDIUM
search,1.0,0.0,0.0,2,0.0,0.0,0.0,1,1,0.8919,0.0,2,0,29,0.9539,51,0.499,0.389,LOW
cart_ops,0.0,1.0,0.0,6,0.0,0.0,0.0,2,3,0.8051,0.1328,4,0,43,0.9283,42,2.306,0.021,LOW
checkout,1.0,0.0,0.0,16,1.0,1.0,1.0,4,2,0.6413,0.5572,11,4,134,0.4881,18,4.917,0.618,HIGH
login_flow,1.0,0.0,0.0,9,1.0,0.0,1.0,2,1,0.6239,0.3617,7,3,114,0.8068,47,4.682,0.62,MEDIUM
login_flow,0.0,1.0,0.0,7,1.0,0.0,1.0,3,1,0.4978,0.3501,2,5,91,0.9353,35,3.573,0.982,LOW
checkout,1.0,0.0,0.0,12,1.0,1.0,1.0,7,2,0.5666,0.4869,11,3,74,0.5331,28,6.305,2.472,HIGH
search,1.0,0.0,0.0,4,0.0,0.0,0.0,1,1,0.8962,0.0549,3,0,54,0.9674,64,0.817,0.0,LOW
login_flow,0.0,0.0,1.0,7,1.0,0.0,1.0,4,1,0.6863,0.2076,4,2,79,0.8136,75,2.511,0.294,MEDIUM
search,0.0,0.0,1.0,4,0.0,0.0,1.0,1,1,0.8463,0.0113,1,0,38,1.0,81,1.53,0.391,LOW
checkout,1.0,0.0,0.0,6,1.0,1.0,1.0,3,2,0.4792,0.7653,4,6,197,0.6629,3,6.624,1.888,HIGH
search,1.0,0.0,0.0,2,0.0,0.0,1.0,2,1,0.9082,0.0157,2,0,48,1.0,36,0.9,0.353,LOW
login_flow,0.0,1.0,0.0,6,1.0,0.0,1.0,1,1,0.5611,0.1642,5,3,102,0.8847,30,2.764,1.694,MEDIUM
checkout,1.0,0.0,0.0,9,0.0,1.0,1.0,6,2,0.5514,0.479,9,7,117,0.8855,34,6.556,1.366,MEDIUM
login_flow,0.0,1.0,0.0,12,1.0,0.0,1.0,3,1,0.7436,0.3016,2,3,34,0.6685,24,5.934,1.57,HIGH
login_flow,0.0,1.0,0.0,8,1.0,0.0,1.0,3,1,0.6082,0.4284,7,3,65,0.6858,62,3.189,1.294,HIGH
cart_ops,0.0,1.0,0.0,7,0.0,0.0,0.0,1,3,0.7511,0.1206,3,1,56,0.8847,35,2.568,0.59,MEDIUM
login_flow,1.0,0.0,0.0,9,1.0,0.0,1.0,2,1,0.5622,0.3566,8,5,156,0.7972,46,3.876,1.003,MEDIUM
search,1.0,0.0,0.0,4,0.0,0.0,1.0,0,1,0.8682,0.1042,1,0,45,0.9581,49,0.544,0.062,LOW
login_flow,1.0,0.0,0.0,12,1.0,0.0,1.0,3,1,0.6739,0.2928,5,2,70,0.7785,55,4.406,0.458,MEDIUM
login_flow,1.0,0.0,0.0,9,1.0,0.0,1.0,4,2,0.5423,0.3042,2,2,49,0.9083,44,6.39,0.714,MEDIUM
search,0.0,0.0,1.0,2,0.0,0.0,1.0,2,1,0.8971,0.0,2,0,30,0.981,45,0.409,0.053,LOW
search,0.0,0.0,1.0,5,0.0,0.0,0.0,1,1,0.846,0.1299,3,0,28,0.9077,69,0.1,0.25,MEDIUM
cart_ops,0.0,1.0,0.0,8,0.0,0.0,0.0,2,4,0.8152,0.2741,4,0,46,0.9231,33,1.606,0.415,LOW
login_flow,1.0,0.0,0.0,9,1.0,0.0,1.0,1,1,0.8025,0.0141,6,2,86,0.7893,37,6.037,0.476,MEDIUM
search,0.0,0.0,1.0,4,0.0,0.0,1.0,0,2,0.8959,0.088,3,0,32,0.9061,37,0.522,0.2,MEDIUM
login_flow,1.0,0.0,0.0,6,1.0,0.0,1.0,3,1,0.7842,0.5668,3,4,121,0.8009,22,4.467,0.598,MEDIUM
login_flow,0.0,0.0,1.0,10,1.0,0.0,1.0,2,1,0.7986,0.6015,7,6,124,0.8606,31,4.011,0.333,MEDIUM
checkout,1.0,0.0,0.0,15,1.0,1.0,1.0,5,1,0.5737,0.3082,4,4,137,0.824,29,7.284,1.233,LOW
cart_ops,0.0,1.0,0.0,7,0.0,0.0,0.0,1,2,0.9407,0.2285,3,1,54,0.9508,39,3.162,0.665,LOW
search,0.0,1.0,0.0,1,0.0,0.0,0.0,0,2,0.9925,0.1053,1,0,37,0.9411,45,1.036,0.419,LOW
cart_ops,0.0,1.0,0.0,3,0.0,0.0,0.0,0,2,0.8839,0.1663,6,1,62,1.0,14,2.7,0.215,LOW
login_flow,1.0,0.0,0.0,6,1.0,0.0,1.0,3,1,0.6849,0.2846,4,3,68,0.7393,48,2.831,0.726,HIGH
login_flow,1.0,0.0,0.0,7,1.0,0.0,1.0,3,1,0.7474,0.6473,6,4,65,0.7886,41,3.741,0.878,MEDIUM
cart_ops,0.0,1.0,0.0,5,0.0,0.0,0.0,0,3,0.7933,0.0729,4,1,44,0.8197,34,2.511,0.662,MEDIUM
login_flow,1.0,0.0,0.0,7,1.0,0.0,1.0,4,2,0.6666,0.0791,6,3,98,0.9264,19,3.391,0.966,LOW
checkout,0.0,1.0,0.0,11,1.0,1.0,1.0,5,3,0.7057,0.5399,7,4,147,0.8884,33,8.829,1.689,MEDIUM
login_flow,1.0,0.0,0.0,7,1.0,0.0,1.0,3,0,0.5167,0.3995,3,3,110,0.9004,25,2.703,0.982,MEDIUM
checkout,0.0,1.0,0.0,13,1.0,1.0,1.0,7,1,0.6425,0.3827,5,4,129,0.8275,5,4.369,0.539,MEDIUM
search,0.0,0.0,1.0,3,0.0,0.0,0.0,0,2,0.9082,0.0711,4,0,27,0.9749,88,0.995,0.155,LOW
checkout,1.0,0.0,0.0,11,1.0,1.0,1.0,6,2,0.5122,0.7413,7,2,72,0.8226,43,7.323,0.0,MEDIUM
search,0.0,0.0,1.0,3,0.0,0.0,1.0,1,1,0.8317,0.1127,3,0,55,0.9601,59,1.098,0.333,LOW
checkout,0.0,1.0,0.0,10,1.0,1.0,1.0,5,1,0.7459,0.2605,10,7,121,0.7168,27,5.871,0.719,HIGH
login_flow,1.0,0.0,0.0,6,1.0,0.0,1.0,4,1,0.7369,0.3727,4,4,75,0.7276,40,3.293,1.69,HIGH
search,1.0,0.0,0.0,3,0.0,0.0,0.0,0,1,0.9093,0.0,3,0,23,0.9372,66,2.312,0.242,LOW
login_flow,0.0,0.0,1.0,11,1.0,0.0,1.0,2,1,0.517,0.2889,2,2,103,0.7922,43,3.813,0.71,MEDIUM
cart_ops,0.0,1.0,0.0,7,0.0,0.0,0.0,1,2,0.802,0.1856,3,1,44,0.7829,19,2.536,0.352,MEDIUM
cart_ops,1.0,0.0,0.0,6,1.0,0.0,0.0,1,3,0.7552,0.0892,4,1,54,0.9049,12,1.749,0.386,MEDIUM
checkout,1.0,0.0,0.0,9,0.0,1.0,1.0,2,3,0.6373,0.5628,8,5,80,0.7278,37,4.97,1.142,HIGH
search,0.0,0.0,1.0,5,0.0,0.0,1.0,0,1,0.9037,0.0,2,0,35,0.8553,63,1.102,0.164,MEDIUM
cart_ops,0.0,1.0,0.0,5,0.0,0.0,1.0,3,2,0.9195,0.1174,4,3,51,0.911,21,3.42,0.109,MEDIUM
search,0.0,1.0,0.0,2,0.0,0.0,1.0,1,1,0.9472,0.0641,1,1,26,0.9816,50,0.453,0.252,LOW
checkout,1.0,0.0,0.0,15,1.0,1.0,1.0,4,2,0.4883,0.382,8,6,166,0.5844,8,7.874,2.279,HIGH
login_flow,1.0,0.0,0.0,10,1.0,0.0,1.0,3,1,0.7408,0.2292,3,3,89,0.6322,33,2.963,1.477,HIGH
login_flow,0.0,1.0,0.0,8,1.0,0.0,1.0,1,1,0.6832,0.6164,2,4,127,0.7093,37,2.527,1.775,HIGH
login_flow,1.0,0.0,0.0,7,1.0,0.0,1.0,3,1,0.3433,0.3924,1,4,96,0.746,51,6.084,0.929,HIGH
search,0.0,0.0,1.0,2,0.0,0.0,0.0,1,1,0.8934,0.0505,2,0,16,0.8905,52,1.219,0.356,MEDIUM
search,0.0,0.0,1.0,4,1.0,0.0,1.0,2,1,0.9287,0.0962,1,1,40,0.9948,76,1.267,0.0,LOW
cart_ops,1.0,0.0,0.0,7,0.0,0.0,0.0,1,5,0.8497,0.2354,6,2,94,0.9886,21,1.927,0.497,LOW
search,0.0,0.0,1.0,2,0.0,0.0,0.0,1,1,0.9854,0.0961,2,0,53,0.9917,63,1.554,0.219,LOW
search,0.0,1.0,0.0,4,0.0,0.0,1.0,1,1,0.9228,0.0,2,0,41,1.0,66,1.986,0.35,LOW
checkout,1.0,0.0,0.0,12,0.0,1.0,1.0,3,1,0.3434,0.5893,8,3,169,0.935,41,7.429,2.244,LOW
cart_ops,0.0,1.0,0.0,5,0.0,0.0,0.0,2,1,0.9979,0.1607,5,1,60,0.9591,29,0.753,0.501,LOW
login_flow,1.0,0.0,0.0,3,1.0,0.0,1.0,3,1,0.6624,0.5193,5,3,97,0.5925,50,4.92,0.627,HIGH
cart_ops,1.0,0.0,0.0,4,1.0,0.0,0.0,0,2,0.8474,0.3507,3,0,42,0.8481,32,2.36,0.313,MEDIUM
cart_ops,1.0,0.0,0.0,4,1.0,0.0,1.0,1,2,0.9057,0.1491,3,2,64,0.9092,17,3.405,0.592,MEDIUM
search,0.0,1.0,0.0,2,0.0,0.0,0.0,2,1,0.9353,0.0606,2,0,27,1.0,92,0.314,0.213,LOW
cart_ops,0.0,1.0,0.0,8,0.0,0.0,1.0,0,2,0.7522,0.0529,2,1,55,0.8678,39,0.799,0.311,MEDIUM
search,1.0,0.0,0.0,3,0.0,0.0,1.0,1,0,0.959,0.0406,3,1,43,1.0,35,1.632,0.294,LOW
search,1.0,0.0,0.0,3,0.0,0.0,0.0,1,1,1.0,0.0,3,0,25,1.0,51,0.943,0.221,LOW
search,0.0,0.0,1.0,1,0.0,0.0,1.0,0,0,0.8788,0.018,4,1,32,0.9458,57,0.94,0.163,LOW
search,0.0,0.0,1.0,5,0.0,0.0,0.0,1,1,0.9081,0.0169,3,0,38,0.9718,46,0.725,0.571,LOW
cart_ops,1.0,0.0,0.0,6,0.0,0.0,0.0,0,2,0.9292,0.3683,2,1,40,0.9066,11,1.437,0.695,MEDIUM
cart_ops,0.0,1.0,0.0,5,0.0,0.0,0.0,0,2,0.8943,0.2022,4,1,62,0.7738,30,1.471,0.851,MEDIUM
checkout,1.0,0.0,0.0,7,1.0,1.0,1.0,6,4,0.4378,0.4311,5,6,176,0.8002,45,6.458,1.536,MEDIUM
login_flow,0.0,0.0,1.0,11,1.0,0.0,1.0,2,0,0.6187,0.6487,4,3,71,0.8613,43,1.819,0.557,MEDIUM
checkout,1.0,0.0,0.0,12,1.0,1.0,1.0,6,3,0.6628,0.2425,6,5,142,0.6472,39,6.5,0.975,HIGH
checkout,0.0,0.0,1.0,14,1.0,1.0,1.0,5,2,0.5542,0.5899,10,5,173,0.7266,14,7.502,1.014,HIGH
login_flow,0.0,1.0,0.0,8,1.0,0.0,1.0,4,1,0.5462,0.1596,4,3,85,0.7455,49,4.384,0.771,HIGH
checkout,1.0,0.0,0.0,23,0.0,1.0,1.0,8,3,0.5398,0.745,12,2,139,0.6373,18,5.894,1.576,HIGH
search,1.0,0.0,0.0,2,0.0,0.0,0.0,0,1,0.95,0.0227,2,1,22,0.9288,73,0.817,0.095,LOW
cart_ops,0.0,0.0,1.0,7,0.0,0.0,0.0,1,4,0.9085,0.1032,4,0,81,0.9131,39,0.637,0.29,MEDIUM
cart_ops,0.0,1.0,0.0,5,0.0,0.0,0.0,3,4,0.8281,0.0,5,1,59,0.8367,32,2.078,0.461,MEDIUM
search,0.0,1.0,0.0,3,0.0,0.0,0.0,1,1,0.9445,0.0381,2,0,38,0.9756,66,0.763,0.041,LOW
search,0.0,0.0,1.0,2,0.0,0.0,1.0,1,2,0.8856,0.0413,2,0,32,0.9809,70,0.939,0.0,LOW
search,0.0,1.0,0.0,3,0.0,0.0,0.0,0,1,0.9231,0.0067,1,0,24,0.9512,55,0.909,0.433,LOW
checkout,1.0,0.0,0.0,13,1.0,1.0,1.0,7,1,0.749,0.6489,4,5,122,0.6899,43,6.861,1.211,HIGH
search,0.0,0.0,1.0,4,0.0,0.0,1.0,1,1,0.9197,0.0202,1,0,53,0.936,75,1.454,0.0,LOW
login_flow,1.0,0.0,0.0,8,1.0,0.0,1.0,4,1,0.8133,0.4925,5,5,93,0.953,61,3.758,0.934,LOW
login_flow,0.0,0.0,1.0,9,1.0,0.0,1.0,3,1,0.6348,0.3063,5,4,114,0.7945,44,5.723,0.24,MEDIUM
search,0.0,0.0,1.0,2,0.0,0.0,0.0,0,1,0.8892,0.0381,3,0,43,1.0,44,2.067,0.065,LOW
login_flow,0.0,1.0,0.0,8,1.0,0.0,1.0,3,1,0.4821,0.3955,4,1,128,0.7052,41,3.333,1.34,HIGH
checkout,1.0,0.0,0.0,10,1.0,1.0,1.0,7,1,0.7029,0.3618,4,1,123,0.5306,22,8.818,0.281,HIGH
login_flow,1.0,0.0,0.0,8,1.0,0.0,1.0,3,1,0.6813,0.4357,7,2,152,0.8169,14,6.211,0.476,MEDIUM
cart_ops,0.0,1.0,0.0,6,0.0,0.0,0.0,1,3,0.7926,0.1032,6,2,59,1.0,44,3.35,0.649,LOW
search,1.0,0.0,0.0,3,0.0,0.0,0.0,1,1,0.8865,0.0412,1,0,26,0.9723,77,2.14,0.246,LOW
checkout,1.0,0.0,0.0,15,1.0,1.0,1.0,4,2,0.5368,0.4748,9,3,5,0.758,32,7.988,1.545,MEDIUM
cart_ops,1.0,0.0,0.0,1,0.0,0.0,0.0,1,3,0.7745,0.327,4,0,44,0.8024,37,1.693,0.213,MEDIUM
cart_ops,0.0,1.0,0.0,4,0.0,0.0,1.0,1,4,0.8031,0.1164,0,2,63,0.8901,15,1.521,0.102,MEDIUM
login_flow,1.0,0.0,0.0,9,1.0,0.0,1.0,4,1,0.7196,0.4739,3,5,83,0.9133,24,2.874,0.983,MEDIUM
cart_ops,0.0,0.0,1.0,5,0.0,0.0,0.0,1,3,0.8314,0.1209,4,1,80,0.9033,29,2.281,0.458,MEDIUM
checkout,1.0,0.0,0.0,13,0.0,1.0,1.0,4,2,0.6289,0.8518,11,5,114,0.8716,49,6.317,0.778,MEDIUM
search,0.0,0.0,1.0,4,0.0,0.0,1.0,1,1,0.9331,0.0363,2,1,29,0.979,51,1.267,0.189,LOW
cart_ops,0.0,1.0,0.0,8,1.0,0.0,0.0,1,3,0.8431,0.2224,6,2,48,0.8587,23,2.858,0.81,MEDIUM
login_flow,1.0,0.0,0.0,11,1.0,0.0,1.0,3,0,0.7647,0.5069,2,1,83,0.9048,38,4.084,0.313,LOW
cart_ops,0.0,1.0,0.0,8,1.0,0.0,0.0,2,3,0.8707,0.3069,5,2,85,0.9596,49,1.894,0.403,LOW
login_flow,1.0,0.0,0.0,7,1.0,0.0,1.0,3,1,0.5393,0.4141,5,1,109,0.7171,16,5.167,0.849,HIGH
search,1.0,0.0,0.0,4,0.0,0.0,0.0,1,1,0.9928,0.0703,1,0,22,0.952,65,0.83,0.137,LOW
search,0.0,0.0,1.0,4,0.0,0.0,1.0,1,1,0.8796,0.0465,2,0,40,0.9565,60,0.816,0.0,LOW
cart_ops,1.0,0.0,0.0,5,0.0,0.0,1.0,0,2,0.752,0.3077,5,1,44,0.7882,55,1.896,0.197,MEDIUM
checkout,1.0,0.0,0.0,10,0.0,1.0,1.0,6,1,0.5636,0.4488,4,4,156,0.8101,43,6.664,1.176,MEDIUM
login_flow,0.0,1.0,0.0,8,1.0,0.0,1.0,1,1,0.4464,0.5584,4,5,101,0.7838,45,4.346,1.49,MEDIUM
login_flow,1.0,0.0,0.0,8,1.0,0.0,1.0,3,0,0.4408,0.1337,9,2,118,0.9626,25,2.72,1.145,LOW
search,1.0,0.0,0.0,3,0.0,0.0,1.0,1,0,0.9696,0.0,2,0,45,0.9643,55,1.096,0.35,LOW
cart_ops,0.0,0.0,1.0,7,0.0,0.0,0.0,1,4,0.7905,0.1656,4,1,69,0.7556,19,2.504,0.501,MEDIUM
login_flow,0.0,0.0,1.0,9,1.0,0.0,1.0,3,1,0.6852,0.2792,6,3,116,0.853,33,4.211,0.0,MEDIUM
checkout,1.0,0.0,0.0,13,1.0,1.0,1.0,6,2,0.6985,0.5312,8,3,118,0.8597,30,8.747,2.152,MEDIUM
login_flow,1.0,0.0,0.0,9,1.0,0.0,1.0,2,2,0.6577,0.4045,5,2,97,0.8359,48,4.862,0.884,MEDIUM
cart_ops,0.0,1.0,0.0,7,1.0,0.0,1.0,1,0,0.8495,0.1597,5,2,65,0.9467,33,2.163,0.19,LOW
login_flow,1.0,0.0,0.0,9,1.0,0.0,1.0,2,1,0.6097,0.4862,5,3,88,0.7795,35,3.991,0.678,MEDIUM
checkout,1.0,0.0,0.0,15,0.0,1.0,1.0,5,1,0.611,0.3093,8,6,145,0.5613,40,5.919,1.003,HIGH
cart_ops,0.0,1.0,0.0,5,1.0,0.0,0.0,0,4,0.8303,0.116,6,0,32,0.7829,26,0.946,0.236,MEDIUM
search,0.0,1.0,0.0,2,0.0,0.0,0.0,1,1,0.9704,0.0,3,0,20,0.9615,67,1.368,0.109,LOW
login_flow,1.0,0.0,0.0,6,1.0,0.0,1.0,2,1,0.7853,0.3435,7,3,90,0.9249,48,2.831,0.493,LOW
cart_ops,0.0,1.0,0.0,9,0.0,0.0,0.0,2,2,0.8532,0.148,3,0,54,0.8526,27,1.292,0.57,MEDIUM
login_flow,0.0,0.0,1.0,10,1.0,0.0,1.0,4,1,0.6202,0.1191,5,2,89,0.862,40,4.466,1.239,MEDIUM
login_flow,0.0,0.0,1.0,3,1.0,0.0,1.0,3,1,0.6572,0.3729,3,3,121,0.7277,37,3.798,0.603,HIGH
login_flow,0.0,0.0,1.0,5,1.0,0.0,1.0,4,1,0.7195,0.3309,5,3,89,0.8004,37,2.732,0.627,MEDIUM
checkout,0.0,1.0,0.0,14,0.0,1.0,1.0,5,1,0.627,0.4607,6,3,164,0.8366,7,6.911,0.684,MEDIUM
login_flow,0.0,0.0,1.0,6,1.0,0.0,1.0,3,0,0.5853,0.3581,5,3,89,0.9684,35,3.85,0.918,LOW
checkout,0.0,0.0,1.0,17,0.0,1.0,1.0,4,1,0.5581,0.3704,12,4,174,0.7487,25,8.038,0.479,HIGH
checkout,1.0,0.0,0.0,18,0.0,1.0,1.0,7,3,0.2628,0.154,7,6,99,0.7944,34,7.406,1.694,MEDIUM
checkout,1.0,0.0,0.0,5,0.0,1.0,1.0,5,1,0.4541,0.3017,8,7,148,0.6792,31,4.94,1.098,HIGH
cart_ops,1.0,0.0,0.0,3,0.0,0.0,0.0,1,3,0.9109,0.2854,6,1,42,0.8365,43,1.157,0.312,MEDIUM
cart_ops,0.0,0.0,1.0,7,0.0,0.0,1.0,1,2,0.7568,0.1466,4,1,61,0.8552,31,0.198,0.376,MEDIUM
search,0.0,0.0,1.0,6,0.0,0.0,0.0,1,0,0.9557,0.0,3,0,35,0.8686,47,1.29,0.167,MEDIUM
login_flow,0.0,1.0,0.0,7,1.0,0.0,1.0,2,1,0.6771,0.3913,8,3,94,0.6942,38,4.113,0.961,HIGH
search,0.0,0.0,1.0,3,0.0,0.0,1.0,1,0,0.9176,0.0465,2,0,26,0.9259,97,1.466,0.249,LOW
checkout,1.0,0.0,0.0,6,0.0,1.0,1.0,4,2,0.7855,0.3686,15,7,134,0.702,51,7.801,1.422,HIGH
search,1.0,0.0,0.0,4,0.0,0.0,0.0,1,2,0.8385,0.0518,1,0,46,1.0,83,0.944,0.171,LOW
search,1.0,0.0,0.0,3,0.0,0.0,0.0,1,2,0.9432,0.1043,3,0,39,0.9557,68,1.44,0.203,LOW
login_flow,1.0,0.0,0.0,7,1.0,0.0,1.0,2,1,0.5709,0.3359,5,3,126,0.8955,42,3.528,0.906,MEDIUM
search,0.0,0.0,1.0,5,0.0,0.0,1.0,1,1,0.8103,0.1537,1,0,26,0.95,23,1.159,0.093,MEDIUM
cart_ops,1.0,0.0,0.0,7,0.0,0.0,1.0,1,5,0.827,0.0002,4,1,80,0.8717,26,1.556,0.721,MEDIUM
login_flow,1.0,0.0,0.0,11,1.0,0.0,1.0,1,1,0.5949,0.5712,8,2,89,0.9594,77,5.519,1.143,LOW
cart_ops,0.0,1.0,0.0,6,0.0,0.0,0.0,0,2,0.936,0.1465,2,2,67,0.8193,22,1.496,0.389,MEDIUM
cart_ops,0.0,0.0,1.0,6,0.0,0.0,0.0,0,3,0.8982,0.0,3,1,49,0.9528,16,3.842,0.343,LOW
cart_ops,0.0,1.0,0.0,9,0.0,0.0,0.0,0,3,0.7136,0.2469,2,3,59,0.8306,32,1.876,0.251,MEDIUM
checkout,1.0,0.0,0.0,8,0.0,1.0,1.0,5,1,0.4,0.5768,8,4,180,0.7565,24,7.712,1.054,MEDIUM
cart_ops,0.0,1.0,0.0,6,0.0,0.0,0.0,1,2,0.6978,0.1037,5,1,58,0.8735,42,2.702,0.577,MEDIUM
checkout,1.0,0.0,0.0,12,0.0,1.0,1.0,6,3,0.6979,0.2591,9,2,157,0.8021,0,9.044,1.377,MEDIUM
login_flow,1.0,0.0,0.0,9,1.0,0.0,1.0,3,2,0.6337,0.2954,7,2,69,0.7298,4,2.875,1.555,HIGH
cart_ops,0.0,1.0,0.0,10,0.0,0.0,0.0,1,2,0.8194,0.158,4,2,55,0.9193,26,1.326,0.688,MEDIUM
checkout,1.0,0.0,0.0,13,0.0,1.0,1.0,7,0,0.6254,0.5051,7,4,113,0.7977,26,7.512,2.014,MEDIUM
login_flow,0.0,1.0,0.0,12,1.0,0.0,1.0,5,2,0.7267,0.4942,8,3,53,0.684,49,3.523,0.635,HIGH
cart_ops,1.0,0.0,0.0,6,1.0,0.0,0.0,1,2,0.6781,0.1075,4,2,39,0.8795,40,2.857,0.494,MEDIUM
search,1.0,0.0,0.0,3,0.0,0.0,0.0,2,1,0.8677,0.0858,1,0,39,0.9215,50,1.199,0.077,LOW
search,0.0,0.0,1.0,2,0.0,0.0,0.0,1,2,0.8569,0.0272,2,0,34,0.9207,69,0.951,0.041,LOW
cart_ops,0.0,1.0,0.0,5,0.0,0.0,0.0,1,4,0.7784,0.146,2,1,53,0.6926,46,1.565,0.527,HIGH
cart_ops,0.0,1.0,0.0,7,0.0,0.0,1.0,1,4,0.8339,0.1902,6,0,62,0.9799,23,2.28,0.291,LOW
checkout,1.0,0.0,0.0,14,1.0,1.0,1.0,4,1,0.6125,0.5742,11,4,165,0.7217,37,5.137,1.154,HIGH
cart_ops,1.0,0.0,0.0,6,1.0,0.0,0.0,2,4,0.7515,0.3138,3,1,73,0.9344,27,2.369,0.348,LOW
search,0.0,0.0,1.0,2,0.0,0.0,0.0,1,0,0.9704,0.0,2,0,49,0.9854,47,1.631,0.087,LOW
login_flow,1.0,0.0,0.0,11,1.0,0.0,1.0,4,1,0.6549,0.4739,2,5,108,0.9882,31,3.29,0.902,LOW
cart_ops,0.0,1.0,0.0,4,0.0,0.0,0.0,0,3,0.859,0.113,5,1,46,0.9202,44,3.166,0.351,LOW
search,0.0,0.0,1.0,2,0.0,0.0,0.0,1,0,1.0,0.0214,1,0,55,0.9158,67,2.001,0.069,MEDIUM
search,0.0,0.0,1.0,2,0.0,0.0,0.0,1,2,0.9904,0.0,1,1,17,1.0,51,1.441,0.028,LOW
login_flow,1.0,0.0,0.0,9,1.0,0.0,1.0,4,2,0.7573,0.2203,10,3,62,0.6037,39,3.279,0.806,HIGH
cart_ops,0.0,1.0,0.0,5,1.0,0.0,1.0,1,4,0.8838,0.0,5,1,42,0.767,25,2.904,0.156,MEDIUM
checkout,1.0,0.0,0.0,14,1.0,1.0,1.0,4,1,0.8196,0.5052,10,2,132,0.6531,50,10.363,1.927,HIGH
login_flow,1.0,0.0,0.0,9,1.0,0.0,1.0,3,2,0.6955,0.6007,7,3,99,0.717,19,6.243,1.025,HIGH
login_flow,1.0,0.0,0.0,6,1.0,0.0,1.0,3,1,0.7308,0.1775,5,4,106,0.8989,37,3.505,1.243,MEDIUM
search,0.0,0.0,1.0,3,0.0,0.0,1.0,1,1,0.9096,0.0758,2,0,47,1.0,52,2.427,0.183,LOW
login_flow,0.0,0.0,1.0,9,1.0,0.0,1.0,4,1,0.7883,0.044,3,4,70,1.0,40,5.29,0.373,LOW
checkout,1.0,0.0,0.0,12,1.0,1.0,1.0,3,3,0.5686,0.164,12,7,135,0.5034,22,6.334,1.383,HIGH
search,0.0,0.0,1.0,2,0.0,0.0,0.0,1,1,0.9831,0.1004,1,1,41,0.9745,36,1.445,0.049,LOW
cart_ops,1.0,0.0,0.0,6,0.0,0.0,0.0,0,2,0.8661,0.1073,3,2,54,0.8036,3,2.582,0.511,MEDIUM
cart_ops,0.0,1.0,0.0,8,0.0,0.0,0.0,0,3,0.8176,0.1728,4,1,65,0.7865,22,2.526,0.189,MEDIUM
cart_ops,0.0,0.0,1.0,7,0.0,0.0,0.0,2,4,0.843,0.2014,5,2,61,0.861,18,1.343,0.685,MEDIUM
login_flow,1.0,0.0,0.0,10,1.0,0.0,1.0,3,1,0.612,0.1693,6,3,50,0.6478,18,3.343,1.094,HIGH
search,0.0,1.0,0.0,2,0.0,0.0,0.0,1,1,0.9461,0.0585,3,0,30,0.9713,76,1.146,0.025,LOW
cart_ops,0.0,1.0,0.0,7,0.0,0.0,1.0,1,5,0.8242,0.2258,3,0,70,0.7898,24,2.067,0.306,MEDIUM
login_flow,1.0,0.0,0.0,6,1.0,0.0,1.0,3,1,0.7003,0.3306,4,5,98,0.7444,39,3.917,1.304,HIGH
login_flow,1.0,0.0,0.0,9,1.0,0.0,1.0,2,1,0.7434,0.1529,4,2,8,0.6635,20,2.844,0.853,HIGH
checkout,1.0,0.0,0.0,14,0.0,1.0,1.0,5,3,0.6602,0.773,7,2,198,0.8254,41,9.622,1.069,MEDIUM
cart_ops,0.0,1.0,0.0,5,0.0,0.0,0.0,2,3,0.9608,0.2202,1,0,65,0.9189,49,2.161,0.175,MEDIUM
login_flow,1.0,0.0,0.0,6,1.0,0.0,1.0,4,1,0.6725,0.4445,8,2,70,0.6253,59,2.844,0.0,HIGH
checkout,1.0,0.0,0.0,12,1.0,1.0,1.0,6,3,0.5764,0.4409,7,0,123,0.6328,19,4.313,0.707,HIGH
cart_ops,1.0,0.0,0.0,6,0.0,0.0,0.0,0,5,0.8475,0.0259,5,0,67,0.9601,34,1.625,0.352,LOW
login_flow,1.0,0.0,0.0,6,1.0,0.0,1.0,4,0,0.6911,0.0,4,2,118,1.0,22,4.095,0.601,LOW
search,0.0,0.0,1.0,5,0.0,0.0,0.0,1,1,0.8796,0.0,1,0,45,0.9508,54,1.165,0.201,LOW
search,0.0,1.0,0.0,1,1.0,0.0,0.0,1,3,0.8806,0.0611,3,0,39,0.968,54,1.349,0.063,LOW
checkout,1.0,0.0,0.0,12,1.0,1.0,1.0,3,0,0.3917,0.6641,9,2,144,0.8495,45,4.664,1.211,MEDIUM
login_flow,1.0,0.0,0.0,9,1.0,0.0,1.0,2,1,0.597,0.2986,4,3,67,0.3951,44,3.692,0.524,MEDIUM
search,0.0,0.0,1.0,4,0.0,0.0,0.0,1,1,0.9186,0.0948,2,0,41,0.9821,68,2.202,0.309,LOW
login_flow,1.0,0.0,0.0,6,1.0,0.0,1.0,3,1,0.8377,0.3372,4,2,110,0.7176,45,4.089,0.206,HIGH
checkout,1.0,0.0,0.0,14,1.0,1.0,1.0,5,1,0.5145,0.4912,10,5,185,0.8559,34,3.881,1.234,MEDIUM
search,0.0,0.0,1.0,2,1.0,0.0,1.0,1,1,0.959,0.0,2,0,36,0.9029,83,0.879,0.0,MEDIUM
checkout,1.0,0.0,0.0,7,1.0,1.0,1.0,3,2,0.5506,0.3026,9,4,183,0.5889,31,8.407,1.833,HIGH
search,1.0,0.0,0.0,1,0.0,0.0,0.0,1,1,0.8804,0.0546,2,0,32,0.9848,43,1.112,0.0,LOW
search,1.0,0.0,0.0,2,0.0,0.0,0.0,0,1,0.9088,0.1545,0,0,49,0.9778,31,1.148,0.168,LOW
cart_ops,1.0,0.0,0.0,7,0.0,0.0,0.0,1,4,0.6981,0.2052,4,1,39,0.9531,24,1.683,0.691,LOW
login_flow,1.0,0.0,0.0,8,1.0,0.0,1.0,4,2,0.6426,0.4116,5,2,78,0.7218,46,5.815,0.582,HIGH
cart_ops,0.0,0.0,1.0,5,0.0,0.0,0.0,2,2,0.8856,0.2115,5,0,61,0.9188,22,3.45,0.481,MEDIUM
cart_ops,1.0,0.0,0.0,6,1.0,0.0,0.0,1,3,0.7528,0.2963,4,0,89,0.9094,17,2.129,0.625,MEDIUM
login_flow,1.0,0.0,0.0,8,1.0,0.0,1.0,2,1,0.5243,0.4916,5,3,60,0.8077,75,3.078,0.963,MEDIUM
cart_ops,0.0,1.0,0.0,5,0.0,0.0,1.0,2,5,0.7791,0.1946,4,2,46,0.8573,33,2.91,0.412,MEDIUM
search,0.0,0.0,1.0,2,0.0,0.0,1.0,1,1,0.9205,0.0,2,0,55,0.8823,49,0.559,0.309,MEDIUM
login_flow,0.0,0.0,1.0,11,1.0,0.0,1.0,2,1,0.7365,0.1264,6,3,129,0.6325,35,3.195,0.852,HIGH
login_flow,1.0,0.0,0.0,9,1.0,0.0,1.0,5,0,0.5881,0.4706,2,2,129,0.6131,62,5.289,0.481,HIGH
login_flow,1.0,0.0,0.0,7,1.0,0.0,1.0,3,1,0.7102,0.1156,8,3,68,1.0,45,4.413,0.693,LOW
checkout,1.0,0.0,0.0,12,1.0,1.0,1.0,5,1,0.7658,0.5327,10,3,151,0.6159,58,6.401,0.627,HIGH
search,0.0,1.0,0.0,4,0.0,0.0,0.0,1,1,0.8263,0.0003,2,1,31,0.9644,72,0.382,0.215,LOW
checkout,1.0,0.0,0.0,15,0.0,1.0,1.0,2,2,0.5513,0.2077,6,3,75,0.7976,23,4.823,3.013,MEDIUM
search,0.0,1.0,0.0,3,0.0,0.0,1.0,1,2,0.9362,0.0732,1,0,45,0.9071,15,1.598,0.0,MEDIUM
login_flow,1.0,0.0,0.0,5,1.0,0.0,1.0,1,1,0.6649,0.3689,3,3,92,0.7171,44,3.136,0.347,HIGH
checkout,1.0,0.0,0.0,9,0.0,1.0,1.0,8,1,0.4703,0.4419,6,5,183,0.7571,12,5.316,1.686,MEDIUM
cart_ops,0.0,1.0,0.0,6,0.0,0.0,0.0,3,4,0.8738,0.0378,10,0,54,0.9,23,3.502,0.484,MEDIUM
login_flow,1.0,0.0,0.0,9,1.0,0.0,1.0,3,0,0.6676,0.2299,7,2,43,0.8884,35,5.096,0.769,MEDIUM
search,0.0,0.0,1.0,4,0.0,0.0,1.0,1,1,0.951,0.1232,3,0,8,1.0,52,0.611,0.017,LOW
checkout,1.0,0.0,0.0,10,1.0,1.0,1.0,5,1,0.643,0.4586,11,4,135,0.6654,19,7.958,0.914,HIGH
search,0.0,1.0,0.0,3,0.0,0.0,1.0,0,2,0.8898,0.0386,3,0,25,0.9443,66,1.362,0.032,LOW
search,0.0,1.0,0.0,5,0.0,0.0,1.0,2,2,0.9211,0.0661,3,0,36,0.9768,63,0.827,0.348,LOW
search,0.0,0.0,1.0,2,1.0,0.0,0.0,1,1,0.898,0.1052,2,0,34,0.9819,32,1.655,0.266,LOW
checkout,1.0,0.0,0.0,15,1.0,1.0,1.0,6,3,0.628,0.0557,8,6,164,0.713,38,3.599,1.973,HIGH
checkout,1.0,0.0,0.0,12,1.0,1.0,1.0,3,1,0.5513,0.0965,7,4,134,0.3708,29,5.591,1.262,HIGH
checkout,1.0,0.0,0.0,15,1.0,1.0,1.0,5,3,0.7198,0.3867,10,4,150,0.6451,51,5.279,1.612,HIGH
cart_ops,1.0,0.0,0.0,6,0.0,0.0,0.0,2,4,0.6856,0.3164,4,0,60,0.7899,20,2.912,0.624,MEDIUM
login_flow,1.0,0.0,0.0,12,1.0,0.0,1.0,4,0,0.6812,0.4769,6,3,117,1.0,77,1.034,1.545,LOW
checkout,1.0,0.0,0.0,13,1.0,1.0,1.0,3,2,0.5381,0.5686,8,3,133,0.7079,12,7.14,1.278,HIGH
checkout,1.0,0.0,0.0,17,1.0,1.0,1.0,6,2,0.6246,0.5692,8,5,156,0.9429,30,5.883,0.996,LOW
login_flow,1.0,0.0,0.0,5,1.0,0.0,1.0,3,1,0.4789,0.4499,4,5,154,0.778,48,2.852,0.739,MEDIUM
cart_ops,0.0,1.0,0.0,7,0.0,0.0,0.0,2,4,0.7543,0.174,0,2,67,0.9514,36,1.698,0.774,LOW
cart_ops,0.0,0.0,1.0,7,1.0,0.0,0.0,1,3,1.0,0.0251,8,2,49,0.7715,41,2.609,0.394,MEDIUM
search,1.0,0.0,0.0,4,0.0,0.0,0.0,1,1,0.8951,0.0573,3,0,36,0.9613,92,0.74,0.121,LOW
checkout,1.0,0.0,0.0,13,1.0,1.0,1.0,3,1,0.534,0.6438,10,6,162,0.6078,48,8.773,2.215,HIGH
checkout,1.0,0.0,0.0,12,1.0,1.0,1.0,4,2,0.3944,0.4961,3,6,164,0.8595,52,5.179,1.232,MEDIUM
checkout,1.0,0.0,0.0,16,1.0,1.0,1.0,3,2,0.6119,0.8753,9,3,135,0.6402,28,8.213,0.255,HIGH
checkout,0.0,1.0,0.0,7,1.0,1.0,1.0,5,4,0.4973,0.5971,6,5,80,0.6304,23,5.352,1.361,HIGH
login_flow,1.0,0.0,0.0,8,1.0,0.0,1.0,3,1,0.6807,0.1263,7,4,100,0.6818,38,4.064,0.405,HIGH
cart_ops,0.0,1.0,0.0,6,0.0,0.0,0.0,0,3,0.9082,0.2533,2,1,66,0.8996,26,2.932,0.391,MEDIUM
cart_ops,0.0,1.0,0.0,4,1.0,0.0,0.0,0,1,0.788,0.149,2,0,59,0.9414,13,1.53,0.784,LOW
search,0.0,1.0,0.0,4,0.0,0.0,0.0,2,1,0.957,0.0,1,0,35,1.0,55,1.367,0.231,MEDIUM
login_flow,0.0,0.0,1.0,8,1.0,0.0,1.0,4,1,0.7572,0.6116,6,4,39,0.82,22,4.474,1.036,MEDIUM
cart_ops,0.0,0.0,1.0,5,0.0,0.0,0.0,1,2,0.909,0.3616,2,1,54,0.833,33,1.564,0.642,MEDIUM
cart_ops,0.0,1.0,0.0,6,1.0,0.0,0.0,1,2,0.8664,0.2782,4,3,43,0.8852,36,1.392,0.718,MEDIUM
login_flow,1.0,0.0,0.0,5,1.0,0.0,1.0,3,0,0.4466,0.3634,3,1,98,0.6149,25,4.678,0.979,HIGH
login_flow,1.0,0.0,0.0,7,1.0,0.0,1.0,4,1,0.5458,0.3708,2,1,84,0.7623,79,4.623,0.678,HIGH
cart_ops,0.0,1.0,0.0,3,1.0,0.0,0.0,0,3,0.8751,0.0572,3,0,89,0.9554,45,1.901,0.137,LOW
checkout,1.0,0.0,0.0,16,1.0,1.0,1.0,4,1,0.564,0.727,9,3,101,0.6048,25,7.113,2.367,HIGH
search,0.0,0.0,1.0,4,0.0,0.0,1.0,1,2,0.9486,0.2127,3,0,38,0.9789,62,1.266,0.0,LOW
login_flow,1.0,0.0,0.0,12,1.0,0.0,1.0,2,2,0.6657,0.6313,4,3,98,0.8417,47,3.113,0.187,MEDIUM
checkout,1.0,0.0,0.0,12,1.0,1.0,1.0,5,1,0.6377,0.8143,8,2,135,0.6907,41,5.794,2.718,HIGH
search,0.0,1.0,0.0,4,0.0,0.0,0.0,1,0,0.8755,0.0728,3,0,34,1.0,31,1.221,0.402,LOW
checkout,1.0,0.0,0.0,16,0.0,1.0,1.0,3,2,0.5962,0.332,5,3,92,0.4774,29,5.584,2.429,HIGH
login_flow,0.0,1.0,0.0,10,1.0,0.0,1.0,3,1,0.6754,0.2847,2,4,71,0.6672,67,3.597,1.571,HIGH
login_flow,1.0,0.0,0.0,10,1.0,0.0,1.0,4,1,0.8375,0.3612,6,3,73,0.7014,45,4.305,1.391,HIGH
checkout,1.0,0.0,0.0,8,1.0,1.0,1.0,6,1,0.4417,0.5351,10,3,128,0.6645,26,6.222,1.681,HIGH
login_flow,1.0,0.0,0.0,6,1.0,0.0,1.0,3,1,0.5864,0.3242,5,4,98,0.7762,26,6.602,0.698,MEDIUM
checkout,1.0,0.0,0.0,15,1.0,1.0,1.0,5,1,0.6403,0.4341,8,1,127,0.5383,36,4.522,1.202,HIGH
cart_ops,0.0,1.0,0.0,6,1.0,0.0,0.0,1,3,0.791,0.2622,4,0,64,0.9709,49,3.013,0.728,LOW
cart_ops,1.0,0.0,0.0,8,0.0,0.0,1.0,2,3,0.8244,0.0586,3,0,57,0.9728,40,2.142,0.175,LOW
login_flow,1.0,0.0,0.0,9,1.0,0.0,1.0,4,1,0.7715,0.6363,7,3,95,0.7903,51,2.128,0.237,MEDIUM
checkout,1.0,0.0,0.0,13,0.0,1.0,1.0,4,1,0.3459,0.7651,10,4,160,0.5717,53,3.459,0.542,HIGH
cart_ops,1.0,0.0,0.0,4,0.0,0.0,0.0,1,4,0.8266,0.2446,5,1,78,0.9355,22,2.797,0.46,LOW
login_flow,0.0,1.0,0.0,5,1.0,0.0,1.0,2,1,0.7264,0.3222,2,3,72,0.6726,32,3.543,0.466,HIGH
search,0.0,0.0,1.0,4,0.0,0.0,1.0,1,0,0.9154,0.0139,2,0,27,1.0,57,0.487,0.065,LOW
checkout,1.0,0.0,0.0,10,0.0,1.0,1.0,4,2,0.6857,0.4097,10,6,110,0.8574,22,8.9,0.874,MEDIUM
search,1.0,0.0,0.0,4,0.0,0.0,0.0,0,0,0.978,0.0703,3,0,41,1.0,63,1.361,0.042,LOW
login_flow,1.0,0.0,0.0,7,1.0,0.0,1.0,2,1,0.6531,0.2266,5,3,94,1.0,18,4.219,1.451,LOW
search,1.0,0.0,0.0,2,0.0,0.0,0.0,1,1,0.9237,0.1146,3,0,48,0.9223,9,0.846,0.184,LOW
search,0.0,0.0,1.0,3,0.0,0.0,1.0,2,2,0.8705,0.0798,2,0,13,0.9668,73,0.734,0.078,LOW
search,1.0,0.0,0.0,3,0.0,0.0,0.0,1,2,0.8834,0.0813,2,0,47,0.9405,60,1.02,0.485,LOW
search,0.0,1.0,0.0,2,0.0,0.0,1.0,1,2,0.9009,0.0656,3,0,59,0.9838,86,0.489,0.231,LOW
cart_ops,0.0,0.0,1.0,8,0.0,0.0,0.0,1,2,0.7003,0.1248,5,1,36,0.8607,36,2.817,0.154,MEDIUM
search,1.0,0.0,0.0,4,1.0,0.0,0.0,1,1,0.8929,0.0509,3,0,56,0.9178,57,1.217,0.363,MEDIUM
checkout,1.0,0.0,0.0,15,0.0,1.0,1.0,4,1,0.6097,0.4689,8,3,111,0.6534,43,6.881,1.865,HIGH
login_flow,1.0,0.0,0.0,7,1.0,0.0,1.0,3,1,0.5834,0.482,7,5,85,0.798,28,6.262,0.672,MEDIUM
search,0.0,0.0,1.0,2,0.0,0.0,0.0,1,1,0.8411,0.1052,3,1,39,0.9776,51,1.865,0.35,LOW
login_flow,0.0,0.0,1.0,9,1.0,0.0,1.0,3,0,0.7384,0.4182,6,3,96,0.8051,29,5.294,0.342,MEDIUM
login_flow,1.0,0.0,0.0,8,1.0,0.0,1.0,2,2,0.715,0.2028,3,3,81,0.676,21,5.051,0.587,HIGH
cart_ops,1.0,0.0,0.0,8,0.0,0.0,0.0,1,3,0.8199,0.1776,4,0,45,1.0,40,2.686,0.423,LOW
cart_ops,1.0,0.0,0.0,7,0.0,0.0,0.0,1,3,0.9177,0.2544,1,1,56,0.9628,22,3.219,0.436,LOW
search,1.0,0.0,0.0,3,0.0,0.0,0.0,1,1,0.9565,0.0,0,0,51,0.9901,66,0.791,0.164,LOW
checkout,1.0,0.0,0.0,13,0.0,1.0,1.0,6,1,0.4925,0.165,10,5,75,0.7889,27,5.85,0.61,MEDIUM
checkout,1.0,0.0,0.0,12,1.0,1.0,1.0,4,3,0.4586,0.3323,6,3,112,0.6093,38,6.145,1.009,HIGH
search,0.0,0.0,1.0,3,0.0,0.0,1.0,1,2,0.9396,0.0,2,0,20,1.0,45,1.123,0.405,LOW
search,0.0,0.0,1.0,3,0.0,0.0,0.0,2,1,0.9411,0.0293,2,0,38,0.8544,76,1.016,0.228,MEDIUM
cart_ops,0.0,1.0,0.0,5,1.0,0.0,0.0,0,3,0.7875,0.3665,5,2,73,1.0,49,1.942,0.341,LOW
search,0.0,0.0,1.0,3,0.0,0.0,1.0,1,1,0.9791,0.0672,3,0,36,1.0,60,1.648,0.312,LOW
login_flow,1.0,0.0,0.0,9,1.0,0.0,1.0,4,2,0.6109,0.2883,6,4,88,0.5731,50,4.137,0.86,HIGH
cart_ops,0.0,0.0,1.0,7,0.0,0.0,0.0,0,3,0.8582,0.2001,2,1,41,0.7643,24,1.308,0.119,HIGH
cart_ops,0.0,1.0,0.0,7,0.0,0.0,0.0,1,3,0.7381,0.1028,5,0,39,0.9436,22,2.359,0.527,LOW
checkout,1.0,0.0,0.0,17,1.0,1.0,1.0,6,2,0.5388,0.6184,9,5,171,0.6449,36,7.135,1.493,HIGH
login_flow,1.0,0.0,0.0,8,1.0,0.0,1.0,1,1,0.5972,0.5937,3,3,66,0.5431,41,4.81,0.526,HIGH
checkout,1.0,0.0,0.0,13,1.0,1.0,1.0,5,2,0.8493,0.569,3,4,183,0.9009,39,4.317,0.223,MEDIUM
search,0.0,0.0,1.0,3,0.0,0.0,0.0,1,0,0.9595,0.0399,2,1,42,1.0,38,0.918,0.302,LOW
login_flow,1.0,0.0,0.0,7,1.0,0.0,1.0,3,1,0.5763,0.0,9,4,101,0.6241,34,2.35,1.072,HIGH
search,1.0,0.0,0.0,3,0.0,0.0,1.0,1,1,0.9623,0.001,3,0,30,0.9725,32,1.585,0.187,LOW
login_flow,0.0,1.0,0.0,7,1.0,0.0,1.0,3,1,0.7726,0.2357,5,3,89,0.7383,67,2.93,1.782,HIGH
checkout,0.0,1.0,0.0,15,0.0,1.0,1.0,6,1,0.8417,0.6936,11,3,131,0.8049,25,10.873,1.126,MEDIUM
search,0.0,1.0,0.0,4,0.0,0.0,1.0,1,2,0.8674,0.1298,3,0,37,0.9005,61,1.471,0.014,LOW
checkout,1.0,0.0,0.0,10,1.0,1.0,1.0,5,1,0.5278,0.5017,5,2,104,0.5619,49,6.239,0.217,HIGH
cart_ops,0.0,1.0,0.0,5,0.0,0.0,0.0,1,4,0.9352,0.1202,4,2,78,0.9241,39,0.541,0.435,LOW
checkout,0.0,0.0,1.0,14,0.0,1.0,1.0,4,3,0.4803,0.4747,10,3,94,0.7686,44,6.524,0.602,MEDIUM
search,0.0,0.0,1.0,2,0.0,0.0,0.0,1,1,0.9816,0.0834,0,0,21,0.9917,37,1.001,0.415,LOW
cart_ops,0.0,1.0,0.0,6,0.0,0.0,1.0,2,2,0.8289,0.1814,5,1,70,0.9469,47,1.946,0.609,LOW
login_flow,1.0,0.0,0.0,6,1.0,0.0,1.0,4,2,0.6008,0.1256,3,3,109,0.8051,62,3.861,1.257,MEDIUM
login_flow,0.0,0.0,1.0,9,1.0,0.0,1.0,3,1,0.7336,0.3411,4,3,93,0.8109,44,3.456,1.496,MEDIUM
checkout,0.0,1.0,0.0,13,1.0,1.0,1.0,4,2,0.5382,0.357,11,6,75,0.6517,40,6.872,1.82,HIGH
checkout,1.0,0.0,0.0,17,1.0,1.0,1.0,2,4,0.5326,0.4227,10,4,112,0.9626,52,7.731,2.275,LOW
search,0.0,0.0,1.0,4,0.0,0.0,0.0,1,2,0.8632,0.0161,3,0,24,1.0,47,1.857,0.319,LOW
search,0.0,1.0,0.0,2,0.0,0.0,0.0,1,1,0.92,0.2279,2,0,37,0.8986,92,1.32,0.0,MEDIUM
search,0.0,0.0,1.0,2,0.0,0.0,1.0,2,1,0.9377,0.0,5,0,28,0.9933,48,1.522,0.248,LOW
search,1.0,0.0,0.0,3,0.0,0.0,0.0,0,1,0.9965,0.0,1,0,30,0.951,70,0.896,0.324,LOW
cart_ops,1.0,0.0,0.0,7,0.0,0.0,0.0,2,3,0.8105,0.1179,2,1,70,0.8094,12,1.426,0.442,MEDIUM
search,1.0,0.0,0.0,3,0.0,0.0,1.0,1,1,0.9572,0.0781,2,0,31,0.9614,42,0.1,0.007,LOW
search,0.0,1.0,0.0,3,0.0,0.0,0.0,0,0,0.8836,0.0306,3,0,35,0.9782,58,1.799,0.072,LOW
search,0.0,1.0,0.0,2,0.0,0.0,0.0,2,1,0.9672,0.0524,2,0,37,0.8936,62,0.984,0.023,MEDIUM
checkout,1.0,0.0,0.0,15,1.0,1.0,1.0,4,1,0.5226,0.3071,6,3,105,0.7049,18,4.577,0.187,HIGH
cart_ops,0.0,1.0,0.0,4,1.0,0.0,0.0,0,2,0.8253,0.1659,6,1,96,0.9798,31,2.813,0.285,LOW
search,0.0,1.0,0.0,2,0.0,0.0,0.0,1,0,0.8984,0.0647,2,0,51,0.9876,65,0.526,0.168,LOW
cart_ops,0.0,1.0,0.0,5,0.0,0.0,0.0,2,3,0.8519,0.1488,6,2,52,0.9871,40,2.183,0.638,LOW
login_flow,0.0,0.0,1.0,9,1.0,0.0,1.0,4,1,0.6679,0.2422,3,3,113,1.0,36,4.233,0.611,LOW
checkout,0.0,1.0,0.0,10,0.0,1.0,1.0,3,3,0.5423,0.5015,7,5,191,0.5954,17,5.789,2.046,HIGH
cart_ops,0.0,0.0,1.0,8,1.0,0.0,0.0,1,2,0.7741,0.1943,5,0,63,0.8341,24,3.43,0.416,MEDIUM
cart_ops,0.0,1.0,0.0,5,1.0,0.0,0.0,2,4,0.9457,0.1001,4,1,38,0.8185,42,3.278,0.359,MEDIUM
search,0.0,1.0,0.0,2,0.0,0.0,0.0,1,0,0.9219,0.0916,1,0,32,0.937,55,1.529,0.059,LOW
search,0.0,0.0,1.0,2,0.0,0.0,1.0,1,1,0.9061,0.078,1,1,31,0.9588,27,0.932,0.113,LOW
search,0.0,0.0,1.0,3,0.0,0.0,1.0,1,1,0.8264,0.0059,2,0,32,1.0,54,1.427,0.27,LOW
checkout,1.0,0.0,0.0,8,0.0,1.0,1.0,6,1,0.5671,0.6214,9,5,116,0.5196,48,5.233,1.024,HIGH
search,0.0,1.0,0.0,4,0.0,0.0,0.0,1,1,0.9496,0.0928,3,0,54,0.9627,71,1.586,0.363,LOW
checkout,1.0,0.0,0.0,10,1.0,1.0,1.0,7,1,0.5751,0.2588,9,4,117,0.7797,48,6.121,0.139,MEDIUM
checkout,1.0,0.0,0.0,16,1.0,1.0,1.0,0,2,0.6884,0.4208,9,6,132,0.3911,37,7.047,0.788,HIGH
search,0.0,0.0,1.0,3,0.0,0.0,1.0,2,1,0.889,0.014,1,0,26,0.9136,59,1.159,0.342,MEDIUM
cart_ops,0.0,1.0,0.0,6,0.0,0.0,0.0,1,2,0.7725,0.133,3,0,44,0.9503,14,1.427,0.38,LOW
cart_ops,1.0,0.0,0.0,6,0.0,0.0,0.0,1,2,0.8127,0.229,4,2,47,0.8457,50,3.063,0.258,MEDIUM
cart_ops,1.0,0.0,0.0,9,0.0,0.0,0.0,0,4,0.841,0.2137,5,0,62,1.0,10,2.615,0.183,LOW
checkout,1.0,0.0,0.0,12,1.0,1.0,1.0,5,2,0.3624,0.434,11,2,82,0.8049,31,3.5,1.623,MEDIUM
cart_ops,1.0,0.0,0.0,4,0.0,0.0,0.0,0,1,0.885,0.076,6,1,50,0.9512,39,2.853,0.7,LOW
search,0.0,1.0,0.0,3,0.0,0.0,0.0,1,1,0.869,0.0,2,0,45,0.938,91,0.51,0.029,LOW
checkout,1.0,0.0,0.0,10,1.0,1.0,1.0,4,2,0.6232,0.5976,7,2,125,0.7722,37,7.387,2.035,MEDIUM
search,0.0,0.0,1.0,4,0.0,0.0,1.0,1,2,0.9545,0.0786,1,0,30,0.9605,46,1.939,0.349,LOW
checkout,1.0,0.0,0.0,16,1.0,1.0,1.0,6,2,0.591,0.5242,8,5,143,0.8895,35,8.907,1.3,MEDIUM
search,0.0,0.0,1.0,4,0.0,0.0,0.0,1,0,0.8886,0.0,2,0,42,0.9506,45,1.734,0.042,LOW
cart_ops,0.0,0.0,1.0,7,1.0,0.0,0.0,2,0,0.8491,0.1848,4,1,88,0.8826,25,1.199,0.622,MEDIUM
login_flow,0.0,1.0,0.0,9,1.0,0.0,1.0,6,1,0.6907,0.105,7,1,97,0.5394,15,4.999,0.875,HIGH
cart_ops,1.0,0.0,0.0,5,1.0,0.0,0.0,0,3,0.8498,0.0,4,0,83,0.9054,18,2.964,0.206,MEDIUM
login_flow,1.0,0.0,0.0,6,1.0,0.0,1.0,2,2,0.7426,0.178,0,3,72,0.7249,44,3.356,0.896,HIGH
cart_ops,1.0,0.0,0.0,8,0.0,0.0,1.0,1,4,0.7799,0.2365,5,2,47,0.9167,41,2.392,0.951,MEDIUM
checkout,1.0,0.0,0.0,11,0.0,1.0,1.0,4,1,0.6774,0.4135,6,5,53,0.6913,15,6.613,1.505,HIGH
login_flow,1.0,0.0,0.0,8,1.0,0.0,1.0,4,1,0.6232,0.4088,5,3,89,0.8387,45,1.68,0.957,MEDIUM
login_flow,1.0,0.0,0.0,7,1.0,0.0,1.0,4,1,0.5277,0.3462,6,3,86,0.6936,67,4.097,0.404,HIGH
checkout,1.0,0.0,0.0,9,1.0,1.0,1.0,3,3,0.5755,0.3087,9,3,151,0.6156,43,5.788,1.739,HIGH
login_flow,0.0,1.0,0.0,5,1.0,0.0,1.0,2,2,0.85,0.2681,2,3,31,0.7784,12,3.717,0.381,MEDIUM
search,1.0,0.0,0.0,3,0.0,0.0,0.0,1,1,0.9223,0.1674,1,0,38,0.9314,55,0.868,0.128,LOW
checkout,1.0,0.0,0.0,15,0.0,1.0,1.0,6,3,0.5411,0.5764,4,6,124,0.8707,4,7.244,0.511,MEDIUM
cart_ops,0.0,0.0,1.0,3,0.0,0.0,0.0,1,1,0.704,0.0503,2,1,38,0.8274,47,3.345,0.644,MEDIUM
cart_ops,0.0,0.0,1.0,7,0.0,0.0,0.0,0,4,0.9134,0.0925,2,1,58,0.8654,31,2.884,0.723,MEDIUM
cart_ops,0.0,1.0,0.0,5,0.0,0.0,0.0,1,2,0.8579,0.0203,4,1,61,0.7842,16,1.702,0.406,MEDIUM
search,0.0,1.0,0.0,2,0.0,0.0,0.0,2,1,0.888,0.0443,2,1,24,0.9679,55,1.892,0.027,LOW
search,1.0,0.0,0.0,3,0.0,0.0,1.0,1,0,0.9124,0.0806,4,0,55,0.9717,56,1.685,0.213,LOW
login_flow,1.0,0.0,0.0,9,1.0,0.0,1.0,5,1,0.6176,0.2714,4,3,111,0.847,48,4.64,1.093,HIGH
cart_ops,0.0,1.0,0.0,4,0.0,0.0,0.0,0,4,0.7609,0.0614,1,2,59,0.8804,34,2.056,0.371,MEDIUM
checkout,1.0,0.0,0.0,12,1.0,1.0,1.0,7,1,0.628,0.7033,9,6,182,0.5936,38,7.085,1.032,HIGH
login_flow,0.0,0.0,1.0,10,1.0,0.0,1.0,2,1,0.8222,0.4472,6,2,105,0.9425,38,5.466,0.712,LOW
login_flow,1.0,0.0,0.0,6,1.0,0.0,1.0,3,1,0.7016,0.5166,11,4,123,0.9461,36,4.997,0.113,LOW
login_flow,1.0,0.0,0.0,11,1.0,0.0,1.0,3,1,0.5278,0.445,7,2,85,0.7656,27,3.263,1.163,MEDIUM
checkout,1.0,0.0,0.0,13,1.0,1.0,1.0,6,2,0.8392,0.7211,11,3,158,0.6633,29,6.401,0.649,HIGH
search,0.0,0.0,1.0,2,0.0,0.0,1.0,1,1,1.0,0.029,1,1,36,0.9531,45,0.935,0.328,LOW
login_flow,1.0,0.0,0.0,12,1.0,0.0,1.0,4,2,0.6472,0.3332,6,3,104,0.634,32,3.899,1.46,HIGH
search,0.0,0.0,1.0,2,0.0,0.0,0.0,1,1,0.9224,0.0564,2,0,27,0.9282,29,1.431,0.458,LOW
search,1.0,0.0,0.0,2,0.0,0.0,0.0,0,0,0.9572,0.1064,2,1,32,0.9598,57,1.293,0.226,LOW
login_flow,0.0,0.0,1.0,6,1.0,0.0,1.0,4,2,0.6776,0.358,0,2,132,0.554,30,3.624,1.107,HIGH
login_flow,1.0,0.0,0.0,10,1.0,0.0,1.0,2,1,0.4217,0.4313,8,2,98,0.872,34,1.77,0.685,HIGH
cart_ops,0.0,0.0,1.0,6,1.0,0.0,1.0,2,3,0.738,0.162,2,0,87,0.9131,32,2.98,0.503,HIGH
cart_ops,0.0,0.0,1.0,7,0.0,0.0,0.0,0,4,0.7273,0.2119,3,0,57,0.7982,23,4.755,0.412,HIGH
checkout,1.0,0.0,0.0,11,1.0,1.0,1.0,4,1,0.5832,0.2257,13,6,99,0.7909,23,11.424,1.471,MEDIUM
checkout,1.0,0.0,0.0,11,0.0,1.0,1.0,5,2,0.6204,0.865,7,4,153,0.8182,33,6.941,1.655,MEDIUM
checkout,1.0,0.0,0.0,13,1.0,1.0,1.0,5,2,0.4682,0.0162,4,3,129,0.7267,24,10.752,0.478,HIGH
cart_ops,1.0,0.0,0.0,8,0.0,0.0,1.0,1,2,0.763,0.2493,6,0,61,0.8665,44,2.98,0.181,MEDIUM
cart_ops,0.0,1.0,0.0,6,0.0,0.0,1.0,1,3,0.7524,0.09,6,0,59,0.9095,19,1.411,0.59,MEDIUM
login_flow,1.0,0.0,0.0,8,1.0,0.0,1.0,0,2,0.5653,0.427,3,3,94,0.8755,46,3.08,0.56,MEDIUM
checkout,1.0,0.0,0.0,16,1.0,1.0,1.0,5,0,0.561,0.4339,8,3,174,0.7179,42,4.919,1.63,MEDIUM
search,0.0,0.0,1.0,4,0.0,0.0,0.0,1,1,0.8453,0.0096,4,1,39,0.9662,42,0.378,0.268,LOW
login_flow,1.0,0.0,0.0,8,1.0,0.0,1.0,3,0,0.8397,0.5827,5,3,73,0.8019,53,1.82,0.154,MEDIUM
checkout,1.0,0.0,0.0,18,0.0,1.0,1.0,4,0,0.6961,0.5083,8,5,150,0.9416,22,8.192,0.392,LOW
checkout,0.0,0.0,1.0,8,1.0,1.0,1.0,5,2,0.6327,0.1509,8,6,145,0.7313,18,3.43,1.093,HIGH
checkout,1.0,0.0,0.0,15,1.0,1.0,1.0,2,3,0.5733,0.6042,4,2,152,0.4896,28,4.582,1.46,HIGH
checkout,1.0,0.0,0.0,12,1.0,1.0,1.0,6,2,0.5302,0.3754,13,4,105,0.5828,28,5.698,1.005,HIGH
search,0.0,0.0,1.0,4,1.0,0.0,0.0,2,2,0.9031,0.0287,1,0,38,0.9245,77,1.274,0.039,LOW
login_flow,0.0,1.0,0.0,7,1.0,0.0,1.0,3,1,0.7112,0.404,3,3,106,0.8677,32,4.914,1.487,MEDIUM
checkout,1.0,0.0,0.0,12,1.0,1.0,1.0,4,2,0.7943,0.6798,6,2,180,0.718,14,5.63,1.404,HIGH
search,0.0,1.0,0.0,3,0.0,0.0,0.0,2,0,0.8444,0.0428,2,0,54,0.9293,75,1.299,0.182,LOW
checkout,1.0,0.0,0.0,6,1.0,1.0,1.0,4,2,0.6985,0.5077,5,5,153,0.7148,8,7.421,0.908,HIGH
checkout,1.0,0.0,0.0,10,0.0,1.0,1.0,5,3,0.6031,0.3931,7,4,184,0.4536,18,4.222,1.771,HIGH
checkout,1.0,0.0,0.0,10,1.0,1.0,1.0,4,1,0.8535,0.7729,8,4,140,0.6635,31,7.435,1.193,HIGH
search,1.0,0.0,0.0,4,0.0,0.0,0.0,1,1,0.9505,0.053,1,0,13,0.9447,58,1.42,0.164,LOW
checkout,1.0,0.0,0.0,11,1.0,1.0,1.0,6,2,0.566,0.4005,9,5,136,0.6841,35,7.341,0.773,HIGH
search,0.0,0.0,1.0,4,0.0,0.0,0.0,1,2,0.891,0.1392,5,1,33,0.9166,51,0.697,0.282,MEDIUM
checkout,1.0,0.0,0.0,15,1.0,1.0,1.0,4,2,0.8352,0.532,4,1,169,0.7282,15,6.265,0.904,HIGH
cart_ops,0.0,1.0,0.0,6,1.0,0.0,0.0,0,3,0.7375,0.1418,5,1,58,0.777,36,2.137,0.439,LOW
search,1.0,0.0,0.0,2,0.0,0.0,1.0,1,2,0.8843,0.0531,2,0,38,0.9345,48,1.224,0.0,LOW
login_flow,1.0,0.0,0.0,11,1.0,0.0,1.0,2,1,0.8146,0.286,6,1,92,0.5711,44,4.617,0.818,HIGH
checkout,1.0,0.0,0.0,15,0.0,1.0,1.0,4,2,0.3853,0.3766,6,3,149,0.4608,37,7.203,2.571,HIGH
search,0.0,1.0,0.0,3,0.0,0.0,1.0,1,1,0.8858,0.078,0,0,41,0.905,43,1.257,0.269,MEDIUM
login_flow,1.0,0.0,0.0,10,1.0,0.0,1.0,4,1,0.6712,0.166,4,3,87,0.7982,59,3.84,0.316,MEDIUM
search,0.0,0.0,1.0,3,0.0,0.0,0.0,1,1,0.9732,0.0299,3,0,35,0.9586,52,1.341,0.287,LOW
checkout,1.0,0.0,0.0,12,0.0,1.0,1.0,5,1,0.7269,0.547,8,3,100,0.7593,26,9.682,2.049,MEDIUM
login_flow,1.0,0.0,0.0,7,1.0,0.0,1.0,3,2,0.7027,0.6108,3,3,58,0.7652,19,3.814,0.666,MEDIUM
cart_ops,0.0,1.0,0.0,6,0.0,0.0,0.0,3,2,0.9108,0.0953,3,2,74,0.7094,38,1.798,0.562,HIGH
login_flow,1.0,0.0,0.0,8,1.0,0.0,1.0,4,1,0.5524,0.621,5,3,121,0.86,42,2.475,1.296,MEDIUM
login_flow,1.0,0.0,0.0,9,1.0,0.0,1.0,4,1,0.6698,0.3328,4,3,104,0.748,47,5.78,0.088,HIGH
search,0.0,0.0,1.0,3,0.0,0.0,0.0,2,1,0.9285,0.041,2,0,49,1.0,66,1.211,0.121,LOW
search,0.0,0.0,1.0,4,0.0,0.0,1.0,1,1,0.9986,0.0618,1,0,46,0.9442,17,1.034,0.141,LOW
checkout,1.0,0.0,0.0,14,1.0,1.0,1.0,3,2,0.6326,0.4606,5,4,171,0.7138,32,5.832,0.539,HIGH
login_flow,1.0,0.0,0.0,11,1.0,0.0,1.0,2,1,0.724,0.2143,1,3,36,0.9765,51,4.435,1.096,LOW
cart_ops,0.0,1.0,0.0,5,0.0,0.0,0.0,1,3,0.8668,0.3393,2,1,64,0.8682,34,1.108,0.442,LOW
checkout,1.0,0.0,0.0,16,0.0,1.0,1.0,7,1,0.4593,0.2584,5,3,145,0.6985,0,6.192,1.661,HIGH
cart_ops,0.0,1.0,0.0,4,0.0,0.0,0.0,2,3,0.6566,0.2226,2,0,82,0.8816,26,1.433,0.802,MEDIUM
login_flow,1.0,0.0,0.0,8,1.0,0.0,1.0,3,1,0.6787,0.5309,8,2,84,0.7675,59,3.293,0.784,MEDIUM
checkout,1.0,0.0,0.0,16,1.0,1.0,1.0,4,2,0.3758,0.4612,13,4,110,0.6563,25,6.236,1.15,HIGH
checkout,1.0,0.0,0.0,7,1.0,1.0,1.0,4,1,0.3651,0.6754,7,2,167,0.549,23,6.696,0.746,HIGH
login_flow,1.0,0.0,0.0,5,1.0,0.0,1.0,2,2,0.558,0.4319,4,2,98,0.5793,42,3.698,0.806,HIGH
checkout,1.0,0.0,0.0,15,1.0,1.0,1.0,5,2,0.8287,0.4601,8,3,91,0.7423,11,6.34,2.246,HIGH
checkout,1.0,0.0,0.0,12,1.0,1.0,1.0,4,3,0.688,0.7473,8,3,102,0.6626,19,6.623,0.947,HIGH
checkout,0.0,0.0,1.0,15,1.0,1.0,1.0,3,0,0.4375,0.6136,8,2,106,0.6828,49,7.014,1.598,HIGH
checkout,1.0,0.0,0.0,10,1.0,1.0,1.0,3,3,0.748,0.5879,4,5,121,0.4384,26,4.93,1.87,HIGH
search,0.0,0.0,1.0,3,0.0,0.0,1.0,1,1,0.9737,0.0044,2,0,34,0.8861,39,0.726,0.398,HIGH
cart_ops,0.0,1.0,0.0,7,0.0,0.0,0.0,0,4,0.8262,0.0486,5,1,74,0.8425,4,2.217,0.361,MEDIUM
search,0.0,1.0,0.0,3,0.0,0.0,0.0,1,0,0.9328,0.0289,1,0,46,0.9266,66,0.918,0.343,LOW
cart_ops,0.0,1.0,0.0,8,0.0,0.0,0.0,1,5,0.875,0.2329,4,2,57,0.739,20,2.222,0.587,HIGH
cart_ops,1.0,0.0,0.0,6,0.0,0.0,0.0,2,3,0.8665,0.2308,1,2,48,0.8148,36,2.971,0.755,MEDIUM
login_flow,1.0,0.0,0.0,9,1.0,0.0,1.0,2,0,0.5821,0.179,2,3,93,0.6275,42,4.958,1.223,HIGH
login_flow,0.0,1.0,0.0,9,1.0,0.0,1.0,3,1,0.6293,0.4276,4,3,74,0.6294,36,5.505,0.609,HIGH
search,0.0,1.0,0.0,5,0.0,0.0,0.0,2,0,0.8901,0.055,3,0,53,0.9268,73,1.282,0.272,LOW
search,0.0,1.0,0.0,2,0.0,0.0,0.0,0,1,0.8685,0.0334,2,0,26,0.9254,49,0.372,0.163,LOW
search,0.0,0.0,1.0,3,0.0,0.0,0.0,1,1,0.92,0.0,2,0,29,0.9709,52,1.793,0.171,LOW
search,0.0,1.0,0.0,2,0.0,0.0,0.0,1,2,0.9294,0.0,0,1,49,1.0,41,1.323,0.103,LOW
cart_ops,0.0,1.0,0.0,4,1.0,0.0,0.0,1,3,0.874,0.0,4,1,54,1.0,34,2.642,0.071,LOW
search,0.0,0.0,1.0,3,0.0,0.0,0.0,1,1,0.9367,0.1393,3,0,21,0.9906,56,1.583,0.018,LOW
login_flow,1.0,0.0,0.0,6,1.0,0.0,1.0,3,2,0.7594,0.1215,7,3,52,0.8207,40,3.658,1.568,MEDIUM
cart_ops,0.0,1.0,0.0,6,0.0,0.0,0.0,1,3,0.8422,0.0,4,1,63,0.8246,29,1.779,0.587,MEDIUM
cart_ops,0.0,1.0,0.0,6,1.0,0.0,0.0,1,3,0.8055,0.1074,6,0,73,0.9609,31,1.498,0.311,LOW
checkout,1.0,0.0,0.0,10,1.0,1.0,1.0,6,4,0.8166,0.5487,10,6,60,0.9935,19,4.017,1.179,LOW
checkout,1.0,0.0,0.0,9,1.0,1.0,1.0,6,3,0.5106,0.3887,6,2,124,0.6501,44,8.709,2.158,HIGH
login_flow,1.0,0.0,0.0,8,1.0,0.0,1.0,2,2,0.5161,0.2846,4,2,68,0.8394,65,4.956,0.87,MEDIUM
cart_ops,0.0,1.0,0.0,5,1.0,0.0,0.0,1,4,0.7945,0.0383,4,0,69,1.0,24,2.507,0.396,LOW
cart_ops,0.0,1.0,0.0,4,0.0,0.0,0.0,1,3,0.7209,0.1954,5,1,51,0.8147,33,1.448,0.455,MEDIUM
search,0.0,1.0,0.0,2,0.0,0.0,0.0,0,1,0.9248,0.0242,2,0,13,0.9931,78,1.078,0.022,LOW
login_flow,1.0,0.0,0.0,11,1.0,0.0,1.0,3,1,0.531,0.2021,4,2,81,0.79,61,4.995,0.786,MEDIUM
login_flow,1.0,0.0,0.0,12,1.0,0.0,1.0,1,1,0.5705,0.333,3,3,68,0.7017,53,2.338,0.975,HIGH
cart_ops,0.0,1.0,0.0,6,0.0,0.0,0.0,1,3,0.872,0.0,4,1,75,0.8895,34,2.059,0.57,MEDIUM
cart_ops,0.0,1.0,0.0,6,1.0,0.0,0.0,0,3,0.7912,0.2122,4,1,77,0.8279,36,2.736,0.556,HIGH
search,0.0,1.0,0.0,5,0.0,0.0,0.0,1,0,0.943,0.0641,3,1,32,0.9361,44,1.665,0.229,LOW
search,0.0,1.0,0.0,2,0.0,0.0,1.0,1,2,0.8433,0.137,3,2,44,0.9546,83,1.894,0.241,LOW
cart_ops,0.0,1.0,0.0,4,0.0,0.0,1.0,1,4,0.9939,0.3148,6,1,45,1.0,30,2.983,0.0,LOW
login_flow,1.0,0.0,0.0,8,1.0,0.0,1.0,3,1,0.7902,0.5538,6,5,123,0.6873,23,4.657,0.702,HIGH
checkout,1.0,0.0,0.0,10,1.0,1.0,1.0,4,3,0.6061,0.619,3,4,150,0.6774,34,5.56,1.91,HIGH
login_flow,0.0,0.0,1.0,5,1.0,0.0,1.0,2,0,0.5084,0.4405,8,2,137,0.8027,12,3.672,1.502,MEDIUM
login_flow,0.0,0.0,1.0,5,1.0,0.0,1.0,2,1,0.6325,0.3995,9,3,97,0.7617,38,1.836,0.942,MEDIUM
login_flow,1.0,0.0,0.0,10,1.0,0.0,1.0,3,1,0.5435,0.4617,6,2,129,0.7457,36,7.089,0.268,HIGH
login_flow,0.0,0.0,1.0,7,1.0,0.0,1.0,5,1,0.8067,0.21,8,4,102,0.6576,20,5.41,1.071,HIGH
login_flow,1.0,0.0,0.0,9,1.0,0.0,1.0,3,1,0.5657,0.4386,8,3,88,0.6735,41,5.144,0.72,HIGH
cart_ops,1.0,0.0,0.0,6,1.0,0.0,0.0,0,4,0.9143,0.0898,5,1,72,0.9451,41,3.201,0.056,LOW
search,1.0,0.0,0.0,4,0.0,0.0,1.0,1,2,0.9547,0.0914,3,0,42,0.8827,53,0.822,0.433,MEDIUM
cart_ops,0.0,1.0,0.0,5,0.0,0.0,0.0,1,4,0.8978,0.1771,5,2,74,0.869,25,1.573,0.338,MEDIUM
checkout,1.0,0.0,0.0,12,1.0,1.0,1.0,6,4,0.5397,0.5726,11,5,125,0.7195,45,2.84,1.933,HIGH
checkout,1.0,0.0,0.0,17,1.0,1.0,1.0,4,2,0.6043,0.5622,7,3,143,0.5425,38,6.316,1.005,HIGH
search,1.0,0.0,0.0,4,0.0,0.0,0.0,1,1,0.9052,0.0666,2,0,21,1.0,64,0.787,0.365,LOW
cart_ops,0.0,1.0,0.0,7,0.0,0.0,0.0,3,3,0.9891,0.2658,4,1,71,0.7891,15,0.878,0.1,MEDIUM
cart_ops,0.0,1.0,0.0,6,0.0,0.0,0.0,1,4,0.795,0.4117,4,0,34,0.6724,28,1.372,0.45,HIGH
login_flow,1.0,0.0,0.0,5,1.0,0.0,1.0,4,1,0.813,0.3275,5,3,98,0.7408,29,5.487,1.101,HIGH
checkout,1.0,0.0,0.0,10,0.0,1.0,1.0,6,3,0.6823,0.73,6,4,153,0.6022,21,7.203,1.367,HIGH
login_flow,1.0,0.0,0.0,8,1.0,0.0,1.0,2,1,0.6777,0.5509,3,4,86,0.6706,65,5.54,0.808,HIGH
search,0.0,0.0,1.0,4,0.0,0.0,0.0,1,1,0.9218,0.0407,3,0,50,0.9261,54,1.244,0.343,LOW
login_flow,0.0,0.0,1.0,7,1.0,0.0,1.0,3,1,0.5548,0.4942,6,3,123,0.8119,46,4.555,1.26,MEDIUM
login_flow,1.0,0.0,0.0,6,1.0,0.0,1.0,4,1,0.7621,0.3372,9,3,95,0.8316,28,6.563,0.413,MEDIUM
cart_ops,0.0,1.0,0.0,8,0.0,0.0,0.0,0,4,0.8384,0.0292,4,1,77,0.8109,24,2.146,0.367,MEDIUM
login_flow,1.0,0.0,0.0,8,1.0,0.0,1.0,3,0,0.5569,0.2169,5,0,83,0.6738,48,4.275,0.408,HIGH
login_flow,0.0,1.0,0.0,14,1.0,0.0,1.0,4,1,0.7592,0.3801,4,2,76,0.7076,31,3.414,0.5,HIGH
checkout,0.0,0.0,1.0,12,0.0,1.0,1.0,8,2,0.5989,0.3597,7,6,155,0.7816,19,7.909,1.873,MEDIUM
search,1.0,0.0,0.0,3,0.0,0.0,0.0,1,1,0.8931,0.0318,1,0,51,0.9729,16,0.601,0.146,LOW
login_flow,1.0,0.0,0.0,8,1.0,0.0,1.0,0,1,0.6018,0.1278,6,3,56,0.7854,82,4.891,1.284,MEDIUM
login_flow,1.0,0.0,0.0,11,1.0,0.0,1.0,3,1,0.5807,0.5305,3,6,92,0.5846,24,3.85,1.361,HIGH
login_flow,1.0,0.0,0.0,11,1.0,0.0,1.0,4,1,0.6316,0.3635,9,3,110,0.8672,62,5.116,0.823,MEDIUM
checkout,1.0,0.0,0.0,7,1.0,1.0,1.0,5,3,0.4703,0.4093,10,2,101,0.8367,45,1.464,1.301,MEDIUM
checkout,1.0,0.0,0.0,9,0.0,1.0,1.0,4,2,0.6321,0.7542,7,4,124,0.9414,32,4.397,1.056,LOW
cart_ops,0.0,1.0,0.0,6,1.0,0.0,0.0,1,4,0.8572,0.0,4,1,82,1.0,23,1.532,0.323,LOW
checkout,1.0,0.0,0.0,11,1.0,1.0,1.0,4,3,0.4678,0.5855,9,7,95,0.6463,40,4.859,0.473,HIGH
search,0.0,0.0,1.0,2,0.0,0.0,0.0,1,1,0.9933,0.0857,2,0,49,0.9323,41,1.133,0.417,LOW
login_flow,1.0,0.0,0.0,11,1.0,0.0,1.0,2,2,0.4901,0.3672,5,2,87,0.7995,26,4.962,1.188,MEDIUM
checkout,1.0,0.0,0.0,9,0.0,1.0,1.0,7,2,0.5897,0.6386,8,5,105,0.881,42,8.127,2.625,MEDIUM
login_flow,0.0,0.0,1.0,10,1.0,0.0,1.0,4,1,0.5092,0.245,4,3,112,0.9947,42,4.528,0.274,LOW
login_flow,1.0,0.0,0.0,6,1.0,0.0,1.0,4,1,0.7672,0.1841,5,1,68,1.0,48,1.381,1.127,LOW
checkout,1.0,0.0,0.0,8,1.0,1.0,1.0,6,3,0.4421,0.5516,3,4,137,0.9651,14,7.295,1.13,LOW
search,1.0,0.0,0.0,6,0.0,0.0,0.0,0,1,0.9397,0.0447,2,0,45,1.0,56,1.945,0.094,LOW
login_flow,1.0,0.0,0.0,9,1.0,0.0,1.0,3,1,0.6318,0.3042,6,4,120,0.8649,38,4.414,0.0,MEDIUM
cart_ops,0.0,1.0,0.0,5,1.0,0.0,0.0,2,4,0.7782,0.1,6,0,50,0.8596,22,3.365,0.581,MEDIUM
checkout,1.0,0.0,0.0,8,1.0,1.0,1.0,6,2,0.685,0.3438,6,5,105,0.6231,51,7.051,2.081,HIGH
login_flow,0.0,0.0,1.0,7,1.0,0.0,1.0,1,2,0.6984,0.1611,2,2,131,0.8131,62,2.642,0.345,HIGH
checkout,1.0,0.0,0.0,8,0.0,1.0,1.0,5,2,0.61,0.6709,9,1,129,0.7124,25,2.515,1.185,HIGH
checkout,0.0,0.0,1.0,15,1.0,1.0,1.0,6,1,0.7529,0.2387,10,5,175,0.3118,37,6.152,1.142,HIGH
checkout,1.0,0.0,0.0,8,1.0,1.0,1.0,5,1,0.5198,0.04,5,7,117,0.6679,21,6.606,1.663,HIGH
checkout,1.0,0.0,0.0,13,1.0,1.0,1.0,5,2,0.5366,0.4554,7,3,170,0.5547,49,5.399,0.587,HIGH
search,0.0,0.0,1.0,2,0.0,0.0,0.0,1,0,0.9231,0.1068,2,0,36,1.0,26,1.619,0.122,LOW
search,0.0,1.0,0.0,4,1.0,0.0,0.0,0,1,0.9921,0.0828,2,0,29,0.9817,45,1.479,0.202,LOW
login_flow,1.0,0.0,0.0,8,1.0,0.0,1.0,2,1,0.6481,0.2075,3,2,54,0.7291,61,4.995,0.674,HIGH
checkout,1.0,0.0,0.0,8,1.0,1.0,1.0,5,2,0.4767,0.3567,2,5,151,0.6621,42,5.922,1.225,HIGH
search,0.0,1.0,0.0,5,0.0,0.0,0.0,1,2,0.8516,0.0056,3,1,32,0.9667,53,0.699,0.379,LOW
cart_ops,0.0,1.0,0.0,5,1.0,0.0,0.0,1,3,0.8004,0.0,4,1,56,1.0,19,0.593,0.486,LOW
search,0.0,1.0,0.0,3,0.0,0.0,1.0,2,2,0.863,0.0,2,0,50,0.9572,35,0.792,0.203,LOW
checkout,1.0,0.0,0.0,13,1.0,1.0,1.0,3,2,0.5488,0.4138,7,6,133,0.586,23,4.911,0.292,HIGH
search,0.0,0.0,1.0,5,0.0,0.0,0.0,1,0,0.8488,0.0476,1,0,51,0.969,65,1.383,0.291,LOW
search,0.0,0.0,1.0,2,0.0,0.0,1.0,1,0,0.9171,0.0,2,0,34,0.941,51,1.071,0.159,LOW
checkout,1.0,0.0,0.0,12,1.0,1.0,1.0,5,1,0.5547,0.6403,8,2,129,0.7945,31,4.259,1.476,MEDIUM
search,0.0,1.0,0.0,2,0.0,0.0,0.0,1,2,0.9617,0.0276,2,0,32,0.9346,46,0.153,0.0,LOW
login_flow,0.0,0.0,1.0,9,1.0,0.0,1.0,2,0,0.6216,0.3386,2,3,17,0.8117,42,5.929,0.314,MEDIUM
login_flow,1.0,0.0,0.0,7,1.0,0.0,1.0,2,0,0.7811,0.3645,5,2,91,0.9006,11,2.364,1.431,MEDIUM
login_flow,1.0,0.0,0.0,5,1.0,0.0,1.0,3,2,0.5405,0.3174,8,3,92,0.8652,51,3.065,0.167,MEDIUM
search,0.0,0.0,1.0,2,0.0,0.0,0.0,2,2,1.0,0.0855,1,0,23,0.9157,55,0.681,0.262,MEDIUM
cart_ops,0.0,1.0,0.0,9,0.0,0.0,0.0,1,4,0.812,0.3166,3,0,70,0.8305,39,0.774,0.272,MEDIUM
login_flow,1.0,0.0,0.0,8,1.0,0.0,1.0,3,2,0.6615,0.2131,6,2,68,0.8697,59,2.506,1.417,MEDIUM
cart_ops,0.0,1.0,0.0,3,0.0,0.0,0.0,3,5,0.7822,0.1593,4,3,70,0.9534,46,2.407,0.26,LOW
search,0.0,1.0,0.0,1,0.0,0.0,1.0,1,1,0.9798,0.0,1,0,24,1.0,63,1.004,0.142,LOW
checkout,1.0,0.0,0.0,14,0.0,1.0,1.0,4,1,0.5839,0.5972,6,5,203,0.8336,17,6.984,0.743,MEDIUM
cart_ops,0.0,1.0,0.0,7,0.0,0.0,0.0,1,3,0.829,0.2983,4,1,78,0.8857,25,0.819,0.46,MEDIUM
cart_ops,0.0,0.0,1.0,9,1.0,0.0,1.0,1,2,0.7741,0.0556,3,0,40,0.9382,23,2.285,0.401,LOW
login_flow,1.0,0.0,0.0,9,1.0,0.0,1.0,2,1,0.7098,0.4647,4,4,102,0.7099,21,2.58,0.181,HIGH
login_flow,1.0,0.0,0.0,9,1.0,0.0,1.0,2,1,0.7811,0.1906,6,2,76,0.5796,52,3.589,0.654,HIGH
checkout,1.0,0.0,0.0,10,1.0,1.0,1.0,4,1,0.6169,0.3301,7,5,74,0.5818,29,7.156,1.16,HIGH
login_flow,1.0,0.0,0.0,8,1.0,0.0,1.0,3,2,0.7485,0.6068,5,3,162,0.5708,62,4.325,0.634,HIGH
cart_ops,0.0,0.0,1.0,6,0.0,0.0,0.0,2,2,0.7735,0.3394,5,2,49,1.0,47,1.331,0.122,LOW
cart_ops,1.0,0.0,0.0,8,0.0,0.0,1.0,0,4,0.7989,0.1625,2,2,64,1.0,30,1.441,0.636,LOW
cart_ops,0.0,1.0,0.0,9,0.0,0.0,0.0,1,3,0.7495,0.0651,2,1,54,0.9376,19,1.612,0.29,LOW
checkout,0.0,1.0,0.0,12,1.0,1.0,1.0,5,1,0.6324,0.6997,12,5,144,0.6367,37,5.186,0.63,HIGH
cart_ops,0.0,1.0,0.0,5,1.0,0.0,0.0,0,3,0.8971,0.1633,0,0,72,0.9232,30,2.428,0.698,LOW
login_flow,1.0,0.0,0.0,11,1.0,0.0,1.0,4,1,0.5792,0.6329,5,3,72,0.8301,37,4.012,0.409,MEDIUM
cart_ops,0.0,1.0,0.0,7,1.0,0.0,1.0,1,2,0.9246,0.2633,4,2,60,0.8871,27,2.214,0.268,MEDIUM
checkout,0.0,1.0,0.0,10,0.0,1.0,1.0,3,2,0.5444,0.4942,8,4,168,0.7697,21,5.774,1.847,MEDIUM
login_flow,0.0,1.0,0.0,8,1.0,0.0,1.0,3,1,0.6039,0.3757,10,3,109,0.8143,25,5.41,0.936,MEDIUM
login_flow,1.0,0.0,0.0,7,1.0,0.0,1.0,5,0,0.6283,0.4248,6,3,108,0.8111,49,4.133,1.156,LOW
checkout,0.0,1.0,0.0,11,0.0,1.0,1.0,6,3,0.5948,0.6485,14,4,113,0.8426,44,4.722,0.522,MEDIUM
login_flow,1.0,0.0,0.0,6,1.0,0.0,1.0,5,0,0.6933,0.491,6,3,108,0.7607,42,5.108,0.945,MEDIUM
cart_ops,1.0,0.0,0.0,8,1.0,0.0,0.0,2,4,0.8758,0.2278,4,1,42,0.9646,9,4.41,0.257,LOW
checkout,1.0,0.0,0.0,10,1.0,1.0,1.0,6,4,0.5357,0.5364,9,4,98,0.7384,35,6.163,0.956,HIGH
search,1.0,0.0,0.0,2,0.0,0.0,1.0,2,1,0.9011,0.0345,2,0,28,0.9117,56,1.228,0.179,MEDIUM
cart_ops,0.0,1.0,0.0,4,0.0,0.0,0.0,0,5,0.8542,0.0762,5,0,32,0.8692,17,3.092,0.416,MEDIUM
login_flow,1.0,0.0,0.0,12,1.0,0.0,1.0,3,1,0.4536,0.5255,6,2,94,0.8859,24,2.367,0.0,MEDIUM
cart_ops,0.0,1.0,0.0,6,0.0,0.0,1.0,1,2,0.7381,0.2154,5,1,57,0.8227,38,3.481,0.268,MEDIUM
search,0.0,0.0,1.0,4,0.0,0.0,0.0,2,1,0.8702,0.0363,2,0,36,0.9461,30,1.121,0.099,LOW
checkout,1.0,0.0,0.0,9,1.0,1.0,1.0,7,1,0.6537,0.646,5,2,96,0.8456,16,4.952,1.496,MEDIUM
login_flow,1.0,0.0,0.0,4,1.0,0.0,1.0,5,0,0.6312,0.185,6,2,104,0.9547,31,3.255,0.433,LOW
cart_ops,0.0,1.0,0.0,5,0.0,0.0,1.0,2,2,0.8711,0.0943,5,0,67,0.8652,26,1.83,0.456,MEDIUM
checkout,1.0,0.0,0.0,9,1.0,1.0,1.0,3,1,0.5607,0.4817,12,6,127,0.7772,30,5.389,0.83,MEDIUM
checkout,1.0,0.0,0.0,13,1.0,1.0,1.0,5,1,0.5423,0.5024,5,4,50,0.5906,27,6.111,1.876,HIGH
cart_ops,0.0,1.0,0.0,5,0.0,0.0,0.0,3,3,0.8539,0.1558,4,3,39,0.8054,35,1.962,0.88,MEDIUM
login_flow,1.0,0.0,0.0,10,1.0,0.0,1.0,2,1,0.696,0.4077,5,4,85,0.9064,9,3.304,1.155,MEDIUM
checkout,0.0,0.0,1.0,12,1.0,1.0,1.0,4,2,0.5042,0.5167,5,6,168,0.7196,45,6.781,0.774,HIGH
checkout,1.0,0.0,0.0,11,1.0,1.0,1.0,4,3,0.478,0.6279,12,5,110,0.7612,19,7.653,1.473,MEDIUM
checkout,1.0,0.0,0.0,10,1.0,1.0,1.0,6,3,0.4421,0.4992,8,5,136,0.5363,52,7.083,0.824,HIGH
search,0.0,0.0,1.0,2,0.0,0.0,1.0,2,2,0.8864,0.1074,0,0,55,0.9184,28,1.027,0.442,MEDIUM
cart_ops,0.0,1.0,0.0,7,1.0,0.0,0.0,3,4,0.8006,0.0,3,0,65,0.81,41,2.212,0.295,MEDIUM
login_flow,1.0,0.0,0.0,6,1.0,0.0,1.0,2,1,0.6398,0.3845,3,4,121,0.9624,14,7.294,0.858,LOW
search,0.0,0.0,1.0,3,0.0,0.0,0.0,2,1,0.943,0.0107,1,0,18,0.9238,73,0.668,0.169,LOW
checkout,1.0,0.0,0.0,13,1.0,1.0,1.0,4,4,0.6482,0.334,8,3,113,0.4162,47,7.33,2.081,HIGH
checkout,1.0,0.0,0.0,16,0.0,1.0,1.0,5,3,0.4529,0.6271,8,6,121,0.6676,15,7.994,1.354,HIGH
checkout,1.0,0.0,0.0,11,0.0,1.0,1.0,4,1,0.6225,0.3137,6,5,108,0.8276,41,4.413,2.09,MEDIUM
cart_ops,0.0,1.0,0.0,6,0.0,0.0,0.0,2,3,0.803,0.2958,4,1,73,0.7361,28,2.568,0.345,HIGH
cart_ops,0.0,0.0,1.0,8,1.0,0.0,0.0,0,4,0.7356,0.1035,3,2,67,0.897,31,2.388,0.183,MEDIUM
login_flow,1.0,0.0,0.0,9,1.0,0.0,1.0,3,1,0.742,0.5335,8,3,71,0.7594,28,5.581,1.528,MEDIUM
login_flow,1.0,0.0,0.0,7,1.0,0.0,1.0,5,1,0.6129,0.1626,3,4,78,0.6979,56,4.303,1.389,HIGH
search,0.0,0.0,1.0,4,0.0,0.0,0.0,1,0,0.9671,0.0712,2,0,11,0.9699,65,0.234,0.346,LOW
checkout,1.0,0.0,0.0,14,0.0,1.0,1.0,4,1,0.7011,0.4425,8,5,135,0.7544,18,5.764,1.305,MEDIUM
checkout,1.0,0.0,0.0,10,1.0,1.0,1.0,3,2,0.5079,0.8674,12,4,182,0.9822,27,7.391,0.378,LOW
cart_ops,1.0,0.0,0.0,5,0.0,0.0,0.0,1,4,0.8505,0.1275,3,2,72,0.9511,32,2.704,0.362,LOW
search,0.0,0.0,1.0,4,0.0,0.0,0.0,1,2,0.896,0.1298,3,1,24,0.9456,43,1.092,0.001,LOW
cart_ops,0.0,1.0,0.0,2,0.0,0.0,0.0,1,4,0.7559,0.1788,3,2,82,0.7612,35,1.985,0.172,MEDIUM
cart_ops,1.0,0.0,0.0,8,0.0,0.0,0.0,0,3,0.9349,0.1506,3,0,44,0.8353,41,3.076,0.202,MEDIUM
cart_ops,0.0,1.0,0.0,4,0.0,0.0,0.0,0,4,0.8019,0.221,1,0,47,1.0,15,2.445,0.369,LOW
checkout,0.0,0.0,1.0,9,0.0,1.0,1.0,5,2,0.4796,0.552,4,6,154,0.8375,23,6.113,1.181,MEDIUM
cart_ops,0.0,0.0,1.0,4,1.0,0.0,0.0,1,5,0.8777,0.1687,4,1,44,0.8894,28,2.432,0.558,MEDIUM
search,1.0,0.0,0.0,3,0.0,0.0,1.0,1,1,0.9279,0.002,2,0,18,0.9415,56,1.727,0.038,LOW
login_flow,0.0,0.0,1.0,8,1.0,0.0,1.0,3,1,0.6695,0.2617,5,3,75,0.8129,36,2.558,0.703,MEDIUM
cart_ops,1.0,0.0,0.0,6,1.0,0.0,0.0,0,3,0.8723,0.1194,4,1,100,0.8782,45,3.009,0.78,MEDIUM
checkout,1.0,0.0,0.0,13,1.0,1.0,1.0,4,1,0.6008,0.3436,7,3,177,0.7052,27,5.776,1.177,HIGH
checkout,1.0,0.0,0.0,5,1.0,1.0,1.0,3,2,0.6026,0.4096,4,3,114,0.69,28,5.823,1.565,HIGH
cart_ops,0.0,1.0,0.0,6,0.0,0.0,0.0,1,3,0.8292,0.2208,3,1,52,0.9039,52,1.712,0.121,MEDIUM
cart_ops,0.0,0.0,1.0,7,1.0,0.0,1.0,1,4,0.7877,0.0261,0,0,60,0.8633,21,3.534,0.476,MEDIUM
login_flow,1.0,0.0,0.0,10,1.0,0.0,1.0,1,2,0.5362,0.486,6,3,122,0.8049,71,3.395,1.553,MEDIUM
cart_ops,0.0,1.0,0.0,4,0.0,0.0,0.0,2,4,0.8748,0.1619,6,1,59,0.8881,44,0.6,0.054,MEDIUM
search,0.0,0.0,1.0,4,0.0,0.0,0.0,1,1,0.8438,0.0896,3,0,47,0.9448,74,0.9,0.162,MEDIUM
search,0.0,1.0,0.0,1,1.0,0.0,1.0,1,0,0.9913,0.0295,3,0,41,0.9588,19,1.336,0.341,LOW
login_flow,1.0,0.0,0.0,8,1.0,0.0,1.0,3,1,0.4836,0.2801,3,4,70,0.8109,52,2.961,0.296,MEDIUM
checkout,1.0,0.0,0.0,7,0.0,1.0,1.0,6,3,0.762,0.4438,5,5,158,0.5433,24,4.222,2.043,HIGH
search,0.0,0.0,1.0,2,0.0,0.0,1.0,1,0,0.9855,0.0608,2,0,35,0.9512,52,2.137,0.183,LOW
login_flow,0.0,0.0,1.0,6,1.0,0.0,1.0,3,1,0.6805,0.4479,4,3,128,0.4811,62,4.274,0.747,HIGH
search,0.0,1.0,0.0,3,0.0,0.0,1.0,0,2,0.9859,0.0882,2,1,38,0.9308,61,1.041,0.461,LOW
login_flow,1.0,0.0,0.0,7,1.0,0.0,1.0,2,1,0.9796,0.431,2,2,108,0.7669,51,1.91,0.0,MEDIUM
checkout,1.0,0.0,0.0,14,1.0,1.0,1.0,5,2,0.7009,0.4769,6,5,107,0.8517,42,6.603,0.232,MEDIUM
login_flow,0.0,1.0,0.0,10,1.0,0.0,1.0,4,2,0.5696,0.3083,8,3,86,0.8698,65,3.776,0.755,MEDIUM
checkout,1.0,0.0,0.0,12,0.0,1.0,1.0,6,3,0.47,0.3366,4,5,130,0.5912,18,6.297,0.0,HIGH
search,1.0,0.0,0.0,2,0.0,0.0,0.0,1,1,0.953,0.1004,4,0,37,0.9116,20,0.752,0.0,MEDIUM
cart_ops,1.0,0.0,0.0,6,1.0,0.0,0.0,1,3,0.7433,0.1917,3,1,60,0.8361,38,1.441,0.21,MEDIUM
checkout,0.0,0.0,1.0,14,1.0,1.0,1.0,6,2,0.519,0.1831,12,2,102,0.7898,32,4.972,1.864,MEDIUM
checkout,0.0,1.0,0.0,14,1.0,1.0,1.0,4,2,0.5237,0.2533,9,3,124,0.4174,37,3.333,1.953,MEDIUM
search,1.0,0.0,0.0,3,0.0,0.0,1.0,1,1,0.8822,0.103,2,0,24,0.9987,58,0.487,0.253,LOW
login_flow,1.0,0.0,0.0,6,1.0,0.0,1.0,2,1,0.6161,0.3463,4,2,84,0.8855,25,3.858,0.841,MEDIUM
login_flow,0.0,1.0,0.0,6,1.0,0.0,1.0,3,1,0.6994,0.2586,2,5,32,0.6724,41,6.34,0.842,HIGH
login_flow,1.0,0.0,0.0,6,1.0,0.0,1.0,3,1,0.6421,0.2776,10,3,130,1.0,23,6.362,0.351,LOW
cart_ops,1.0,0.0,0.0,5,0.0,0.0,0.0,1,4,0.8255,0.0526,4,0,60,0.853,34,3.189,0.43,MEDIUM
search,1.0,0.0,0.0,5,0.0,0.0,0.0,1,0,0.9457,0.1,2,0,42,0.9467,87,1.205,0.139,LOW
checkout,1.0,0.0,0.0,10,0.0,1.0,1.0,7,1,0.5292,0.4059,7,4,135,0.8164,35,5.637,1.178,MEDIUM
search,1.0,0.0,0.0,3,0.0,0.0,0.0,1,2,0.909,0.0172,2,0,47,0.9973,55,1.082,0.296,LOW
search,1.0,0.0,0.0,3,0.0,0.0,0.0,1,1,0.9392,0.0879,2,0,40,0.9548,48,1.908,0.423,LOW
search,0.0,0.0,1.0,3,0.0,0.0,0.0,1,2,0.9225,0.0327,2,0,36,0.9533,65,0.687,0.53,LOW
checkout,1.0,0.0,0.0,10,1.0,1.0,1.0,3,1,0.5059,0.5865,5,4,55,0.813,38,1.666,1.406,MEDIUM
search,0.0,0.0,1.0,4,0.0,0.0,1.0,1,1,0.8833,0.0028,1,1,39,0.9303,33,0.966,0.436,LOW
search,0.0,1.0,0.0,3,0.0,0.0,0.0,1,2,0.8652,0.0579,2,0,52,0.9846,62,1.505,0.292,LOW
search,0.0,0.0,1.0,2,0.0,0.0,1.0,1,1,0.9705,0.0674,1,0,29,0.9657,54,0.943,0.353,LOW
cart_ops,0.0,1.0,0.0,6,0.0,0.0,0.0,1,3,0.9029,0.1158,5,1,62,0.8929,36,2.512,0.421,MEDIUM
login_flow,1.0,0.0,0.0,8,1.0,0.0,1.0,3,1,0.7579,0.4239,3,4,105,0.6238,46,4.246,1.15,HIGH
login_flow,1.0,0.0,0.0,7,1.0,0.0,1.0,2,1,0.6516,0.3033,4,3,83,0.722,28,2.97,0.467,HIGH
checkout,0.0,0.0,1.0,11,0.0,1.0,1.0,3,1,0.5418,0.3249,8,1,65,0.8154,16,6.487,0.953,MEDIUM
checkout,0.0,0.0,1.0,12,1.0,1.0,1.0,4,3,0.5607,0.4402,8,7,75,0.9141,34,4.398,1.387,MEDIUM
checkout,1.0,0.0,0.0,12,1.0,1.0,1.0,4,3,0.8292,0.5638,7,5,111,0.8132,37,4.926,2.01,MEDIUM
cart_ops,0.0,1.0,0.0,5,0.0,0.0,0.0,2,2,0.787,0.1881,2,1,33,0.9079,30,1.858,0.08,LOW
login_flow,1.0,0.0,0.0,5,1.0,0.0,1.0,3,1,0.8327,0.1934,7,2,162,0.7519,47,4.844,0.639,MEDIUM
checkout,1.0,0.0,0.0,9,0.0,1.0,1.0,6,3,0.6415,0.547,6,3,137,0.7853,22,8.056,0.751,MEDIUM
cart_ops,0.0,1.0,0.0,7,0.0,0.0,0.0,1,3,0.6798,0.0957,1,3,70,0.8433,43,2.089,0.0,HIGH
search,1.0,0.0,0.0,2,0.0,0.0,1.0,0,0,0.86,0.1035,2,0,31,0.8895,32,0.742,0.454,MEDIUM
login_flow,1.0,0.0,0.0,5,1.0,0.0,1.0,2,1,0.724,0.4399,4,2,56,0.5782,55,3.712,0.864,HIGH
login_flow,0.0,1.0,0.0,6,1.0,0.0,1.0,0,1,0.7939,0.304,4,3,68,0.7308,22,4.515,0.873,HIGH
cart_ops,0.0,1.0,0.0,5,0.0,0.0,1.0,3,2,0.8219,0.164,6,0,77,0.9247,30,2.298,0.247,LOW
cart_ops,0.0,1.0,0.0,3,0.0,0.0,0.0,0,2,0.8185,0.0,3,1,76,0.7756,29,2.603,0.344,MEDIUM
search,0.0,0.0,1.0,4,0.0,0.0,1.0,1,0,1.0,0.0626,1,0,44,0.9382,50,0.288,0.402,LOW
search,1.0,0.0,0.0,2,0.0,0.0,1.0,2,1,0.9063,0.045,3,0,22,0.9645,37,1.187,0.246,LOW
search,1.0,0.0,0.0,4,0.0,0.0,1.0,0,1,0.8729,0.0857,1,0,41,0.9411,32,1.403,0.356,LOW
cart_ops,0.0,1.0,0.0,6,1.0,0.0,0.0,2,4,0.9694,0.203,5,0,65,0.9342,27,2.334,0.071,MEDIUM
login_flow,1.0,0.0,0.0,8,1.0,0.0,1.0,3,0,0.6454,0.3265,8,3,103,0.8006,48,3.192,0.93,MEDIUM
login_flow,1.0,0.0,0.0,7,1.0,0.0,1.0,3,2,0.7428,0.6058,6,2,79,0.8629,56,4.568,0.907,MEDIUM
checkout,1.0,0.0,0.0,16,0.0,1.0,1.0,4,1,0.5843,0.5895,7,5,94,0.791,38,4.817,1.015,MEDIUM
search,0.0,1.0,0.0,3,0.0,0.0,0.0,1,1,0.9869,0.1694,2,0,44,0.9153,39,1.583,0.367,MEDIUM
checkout,1.0,0.0,0.0,9,1.0,1.0,1.0,4,1,0.6308,0.4374,8,3,117,0.7719,18,4.973,1.16,MEDIUM
checkout,1.0,0.0,0.0,12,1.0,1.0,1.0,3,3,0.4447,0.6149,7,6,142,0.8223,40,6.323,1.091,LOW
search,0.0,0.0,1.0,4,1.0,0.0,0.0,1,1,0.9062,0.0,1,1,32,0.991,46,1.189,0.126,LOW
checkout,1.0,0.0,0.0,10,1.0,1.0,1.0,7,1,0.7952,0.452,6,4,82,0.7739,40,7.066,2.645,MEDIUM
cart_ops,0.0,1.0,0.0,5,0.0,0.0,0.0,0,4,0.7877,0.0,3,2,48,0.861,28,1.933,0.264,MEDIUM
search,0.0,0.0,1.0,2,0.0,0.0,0.0,1,1,0.8892,0.0,4,0,50,1.0,54,0.98,0.154,LOW
search,0.0,1.0,0.0,3,0.0,0.0,0.0,1,1,0.8749,0.0465,1,0,26,0.9595,71,1.084,0.233,LOW
checkout,1.0,0.0,0.0,11,0.0,1.0,1.0,6,1,0.8269,0.6047,9,6,150,0.5974,26,8.653,1.098,MEDIUM
cart_ops,0.0,1.0,0.0,6,1.0,0.0,0.0,2,4,0.7769,0.2094,2,2,33,0.7562,34,2.59,0.531,MEDIUM
cart_ops,1.0,0.0,0.0,4,1.0,0.0,0.0,1,4,0.8814,0.0668,4,0,46,0.79,35,0.94,0.73,MEDIUM
search,0.0,0.0,1.0,2,0.0,0.0,0.0,1,2,0.9441,0.0728,2,0,23,1.0,61,1.8,0.0,MEDIUM
checkout,1.0,0.0,0.0,10,1.0,1.0,1.0,4,1,0.5432,0.6788,10,5,82,0.8599,20,5.601,1.444,MEDIUM
checkout,1.0,0.0,0.0,11,1.0,1.0,1.0,4,1,0.4951,0.8251,9,4,173,0.6835,18,11.28,1.343,HIGH
search,0.0,0.0,1.0,2,0.0,0.0,0.0,2,2,0.8659,0.064,1,0,16,1.0,89,1.758,0.046,LOW
search,0.0,0.0,1.0,3,0.0,0.0,0.0,0,1,0.8519,0.0099,2,0,36,0.9631,8,1.353,0.143,LOW
login_flow,1.0,0.0,0.0,9,1.0,0.0,1.0,2,1,0.7516,0.5913,9,4,98,0.9729,69,3.575,0.407,LOW
checkout,1.0,0.0,0.0,8,0.0,1.0,1.0,4,1,0.6534,0.5835,11,4,141,0.7207,41,8.065,1.584,HIGH
search,0.0,1.0,0.0,4,0.0,0.0,0.0,1,0,0.9437,0.0521,2,0,32,0.9788,24,1.401,0.102,LOW
login_flow,0.0,0.0,1.0,9,1.0,0.0,1.0,1,1,0.6899,0.0196,2,2,68,0.8899,55,3.678,0.985,LOW
search,0.0,0.0,1.0,2,0.0,0.0,1.0,0,2,0.8999,0.0517,4,0,25,0.9874,53,0.858,0.175,LOW
login_flow,0.0,0.0,1.0,7,1.0,0.0,1.0,2,2,0.6198,0.6276,8,3,94,0.8392,59,3.793,0.992,MEDIUM
search,0.0,0.0,1.0,3,0.0,0.0,1.0,1,1,0.9461,0.0684,2,0,29,0.9755,63,0.1,0.184,LOW
login_flow,1.0,0.0,0.0,11,1.0,0.0,1.0,3,1,0.6762,0.4456,3,3,75,0.6605,27,3.741,1.186,HIGH
search,0.0,1.0,0.0,3,0.0,0.0,1.0,0,0,0.9032,0.0007,2,1,45,0.9065,48,1.271,0.414,MEDIUM
checkout,1.0,0.0,0.0,12,1.0,1.0,1.0,5,0,0.6379,0.688,6,3,116,0.672,26,10.131,1.81,HIGH
login_flow,0.0,0.0,1.0,7,1.0,0.0,1.0,3,0,0.7495,0.5138,7,4,79,0.7605,45,5.228,0.0,MEDIUM
login_flow,1.0,0.0,0.0,7,1.0,0.0,1.0,3,2,0.5679,0.38,10,4,116,0.6942,14,4.26,0.748,HIGH
search,0.0,1.0,0.0,2,0.0,0.0,0.0,1,0,0.943,0.0,2,0,44,0.9413,53,0.942,0.24,LOW
search,1.0,0.0,0.0,3,0.0,0.0,0.0,0,1,0.7437,0.0,4,1,16,0.9823,12,1.239,0.067,LOW
search,0.0,0.0,1.0,4,0.0,0.0,1.0,1,1,0.8876,0.1366,3,0,47,0.9665,55,0.54,0.426,LOW
search,0.0,0.0,1.0,4,0.0,0.0,1.0,1,2,0.9509,0.0,3,0,46,0.9573,71,1.65,0.225,LOW
cart_ops,0.0,0.0,1.0,5,0.0,0.0,0.0,1,2,0.7357,0.3001,4,2,70,0.8958,43,2.279,0.478,MEDIUM
search,1.0,0.0,0.0,2,0.0,0.0,1.0,0,1,0.856,0.0563,1,0,29,0.9638,80,1.086,0.34,LOW
cart_ops,0.0,1.0,0.0,7,0.0,0.0,0.0,1,3,0.8987,0.2052,4,1,35,1.0,29,1.615,0.211,LOW
search,0.0,0.0,1.0,3,0.0,0.0,1.0,1,0,1.0,0.115,4,0,38,0.9714,42,0.766,0.0,LOW
search,0.0,0.0,1.0,3,0.0,0.0,0.0,1,0,0.9083,0.0657,2,0,28,0.9943,66,0.254,0.0,LOW
cart_ops,0.0,0.0,1.0,4,0.0,0.0,0.0,1,4,0.9387,0.0884,6,2,38,0.8336,38,2.306,0.376,MEDIUM
search,0.0,1.0,0.0,1,0.0,0.0,0.0,1,2,0.949,0.0,2,0,28,0.9059,38,0.727,0.327,MEDIUM
search,1.0,0.0,0.0,3,0.0,0.0,0.0,1,1,1.0,0.0472,3,0,23,0.8653,48,0.642,0.479,MEDIUM
login_flow,1.0,0.0,0.0,10,1.0,0.0,1.0,2,0,0.5389,0.3987,1,2,96,0.9699,35,5.677,0.701,LOW
login_flow,1.0,0.0,0.0,6,1.0,0.0,1.0,5,1,0.6443,0.0664,8,2,96,0.8381,67,4.151,1.055,MEDIUM
search,0.0,1.0,0.0,3,0.0,0.0,0.0,1,1,0.9465,0.1344,3,0,31,1.0,72,1.326,0.044,LOW
checkout,1.0,0.0,0.0,6,1.0,1.0,1.0,5,3,0.5601,0.3718,5,7,148,0.7028,31,5.731,1.532,HIGH
cart_ops,0.0,1.0,0.0,9,0.0,0.0,0.0,2,2,0.8936,0.1868,4,2,88,0.8725,25,3.501,0.25,MEDIUM
checkout,1.0,0.0,0.0,9,1.0,1.0,1.0,5,2,0.5022,0.4437,9,5,140,0.7799,14,8.423,0.739,MEDIUM
checkout,1.0,0.0,0.0,12,0.0,1.0,1.0,3,2,0.4968,0.7151,6,5,120,0.6526,8,7.125,1.329,HIGH
login_flow,1.0,0.0,0.0,6,1.0,0.0,1.0,3,1,0.6212,0.5372,3,3,124,0.8873,23,6.16,0.209,MEDIUM
cart_ops,0.0,1.0,0.0,5,1.0,0.0,0.0,2,3,0.7766,0.2188,2,1,73,0.7793,27,1.707,0.19,MEDIUM
checkout,1.0,0.0,0.0,11,1.0,1.0,1.0,7,1,0.3532,0.3846,9,3,81,0.5668,46,8.417,2.558,HIGH
checkout,1.0,0.0,0.0,15,1.0,1.0,1.0,4,3,0.8507,0.5212,11,3,167,0.6932,29,6.152,1.719,HIGH
checkout,1.0,0.0,0.0,15,1.0,1.0,1.0,6,2,0.6847,0.7038,10,5,85,0.5344,49,9.269,0.507,HIGH
cart_ops,0.0,1.0,0.0,7,0.0,0.0,0.0,0,4,0.8214,0.2552,6,3,53,0.8642,22,1.864,0.463,MEDIUM
login_flow,0.0,0.0,1.0,6,1.0,0.0,1.0,4,1,0.8525,0.2186,6,2,61,0.5695,38,2.596,0.677,HIGH
cart_ops,0.0,1.0,0.0,5,1.0,0.0,0.0,1,3,0.8523,0.2933,5,1,49,0.893,21,2.387,0.409,MEDIUM
login_flow,1.0,0.0,0.0,4,1.0,0.0,1.0,2,1,0.5627,0.1158,4,1,151,0.7593,20,1.445,0.615,MEDIUM
checkout,1.0,0.0,0.0,10,1.0,1.0,1.0,4,1,0.6818,0.6842,6,5,122,0.7147,26,5.736,0.494,HIGH
cart_ops,0.0,1.0,0.0,5,0.0,0.0,1.0,2,1,0.8718,0.3031,5,1,72,0.9533,32,0.733,0.124,LOW
login_flow,1.0,0.0,0.0,11,1.0,0.0,1.0,1,1,0.7328,0.5789,5,3,61,0.7978,46,1.968,1.107,MEDIUM
search,0.0,0.0,1.0,3,0.0,0.0,0.0,2,1,0.9419,0.1179,3,1,27,0.9329,33,1.458,0.385,MEDIUM
checkout,0.0,0.0,1.0,20,1.0,1.0,1.0,8,1,0.6534,0.4026,6,5,86,0.7844,30,5.773,1.923,HIGH
checkout,1.0,0.0,0.0,11,1.0,1.0,1.0,4,1,0.5073,0.3234,6,4,131,0.6501,22,5.171,1.509,HIGH
cart_ops,0.0,1.0,0.0,7,0.0,0.0,0.0,1,3,0.7339,0.0492,7,1,66,0.9573,30,2.546,0.749,LOW
search,1.0,0.0,0.0,3,0.0,0.0,0.0,1,1,0.8595,0.0575,2,0,19,0.9342,78,1.132,0.395,LOW
cart_ops,0.0,1.0,0.0,8,0.0,0.0,0.0,0,4,0.8078,0.2252,2,1,76,0.9405,26,1.589,0.243,LOW
login_flow,1.0,0.0,0.0,5,1.0,0.0,1.0,3,0,0.5145,0.5821,8,3,75,0.5837,52,3.393,1.222,HIGH
checkout,1.0,0.0,0.0,11,1.0,1.0,1.0,4,2,0.6145,0.7459,5,3,130,0.7277,23,6.746,1.367,HIGH
cart_ops,0.0,1.0,0.0,4,1.0,0.0,0.0,1,2,0.7858,0.3242,4,1,56,0.8447,43,2.846,0.456,MEDIUM
search,0.0,0.0,1.0,5,0.0,0.0,1.0,0,0,0.9589,0.0,2,0,26,0.9374,45,1.358,0.158,LOW
cart_ops,1.0,0.0,0.0,6,1.0,0.0,0.0,2,1,0.9235,0.1996,2,1,63,0.7681,27,2.406,0.637,MEDIUM
search,0.0,1.0,0.0,2,0.0,0.0,1.0,1,1,0.8667,0.0124,3,0,20,0.8764,32,1.599,0.04,MEDIUM
cart_ops,0.0,1.0,0.0,6,1.0,0.0,0.0,0,3,0.8398,0.0674,2,1,64,1.0,31,3.083,0.342,LOW
login_flow,1.0,0.0,0.0,7,1.0,0.0,1.0,3,1,0.5787,0.2559,3,3,115,0.7997,18,4.8,0.382,MEDIUM
login_flow,1.0,0.0,0.0,6,1.0,0.0,1.0,5,1,0.7201,0.4938,7,2,93,0.7236,52,6.952,0.612,MEDIUM
search,0.0,0.0,1.0,3,0.0,0.0,1.0,1,1,0.9701,0.0284,2,0,20,0.9983,51,1.385,0.188,LOW
search,0.0,1.0,0.0,1,0.0,0.0,0.0,1,0,0.8269,0.123,1,0,23,1.0,33,1.334,0.217,LOW
cart_ops,1.0,0.0,0.0,8,1.0,0.0,0.0,1,4,0.8071,0.1276,5,1,55,0.8974,29,3.378,0.39,MEDIUM
checkout,1.0,0.0,0.0,14,1.0,1.0,1.0,2,2,0.5892,0.2121,4,5,121,0.7774,35,6.851,0.379,MEDIUM
login_flow,1.0,0.0,0.0,9,1.0,0.0,1.0,2,1,0.6076,0.5065,6,3,77,0.4405,28,2.56,0.384,HIGH
cart_ops,0.0,1.0,0.0,7,0.0,0.0,1.0,1,3,0.8224,0.0,3,1,53,0.8085,36,2.343,0.4,MEDIUM
search,0.0,0.0,1.0,2,0.0,0.0,0.0,1,1,0.9141,0.0641,3,0,50,0.9932,57,0.411,0.079,LOW
search,0.0,0.0,1.0,3,0.0,0.0,1.0,1,1,0.9959,0.0,2,0,28,0.9519,43,1.299,0.305,LOW
cart_ops,0.0,0.0,1.0,7,0.0,0.0,1.0,1,2,0.9677,0.3604,5,1,46,0.827,35,3.073,0.303,MEDIUM
checkout,0.0,0.0,1.0,5,1.0,1.0,1.0,3,3,0.5611,0.3662,12,4,116,0.7957,44,7.902,0.623,MEDIUM
checkout,1.0,0.0,0.0,15,1.0,1.0,1.0,3,2,0.5598,0.2613,11,4,192,0.6453,11,9.277,0.84,HIGH
search,0.0,1.0,0.0,2,0.0,0.0,0.0,0,2,0.9133,0.0,0,1,30,0.9956,55,1.908,0.268,LOW
login_flow,1.0,0.0,0.0,6,1.0,0.0,1.0,5,2,0.688,0.3134,9,4,62,0.6514,43,4.171,0.272,HIGH
checkout,1.0,0.0,0.0,13,1.0,1.0,1.0,10,3,0.5466,0.2382,5,3,147,0.6852,50,4.877,1.686,HIGH
checkout,1.0,0.0,0.0,12,0.0,1.0,1.0,3,1,0.6753,0.3902,6,6,136,0.5346,31,7.202,1.233,HIGH
cart_ops,1.0,0.0,0.0,8,1.0,0.0,0.0,2,5,0.8114,0.2035,3,0,43,0.9273,43,0.772,0.047,LOW
search,0.0,1.0,0.0,4,0.0,0.0,0.0,1,1,1.0,0.1028,1,0,51,0.9049,34,1.285,0.111,MEDIUM
cart_ops,0.0,0.0,1.0,7,0.0,0.0,0.0,0,3,0.7779,0.0831,4,2,51,0.8228,38,2.094,0.457,LOW
login_flow,1.0,0.0,0.0,10,1.0,0.0,1.0,2,2,0.7103,0.3614,1,4,89,0.6209,23,4.224,0.401,MEDIUM
checkout,1.0,0.0,0.0,15,1.0,1.0,1.0,9,1,0.6459,0.4891,10,6,146,0.7432,29,5.425,1.013,HIGH
checkout,1.0,0.0,0.0,12,1.0,1.0,1.0,6,2,0.5131,0.3892,7,3,113,0.8171,38,4.806,1.86,MEDIUM
checkout,1.0,0.0,0.0,12,1.0,1.0,1.0,7,1,0.6251,0.3227,9,4,170,0.6975,44,8.438,2.208,HIGH
cart_ops,0.0,1.0,0.0,5,1.0,0.0,0.0,2,3,0.5587,0.2748,5,0,67,0.8544,24,1.554,0.241,MEDIUM
search,0.0,0.0,1.0,3,0.0,0.0,0.0,1,1,0.9239,0.0693,2,0,35,0.9007,61,2.07,0.128,MEDIUM
checkout,1.0,0.0,0.0,15,0.0,1.0,1.0,3,2,0.733,0.2401,6,4,80,0.6968,26,7.607,1.794,HIGH
search,1.0,0.0,0.0,3,0.0,0.0,1.0,1,1,0.8766,0.0194,2,0,21,0.9945,71,0.816,0.416,LOW
cart_ops,0.0,0.0,1.0,9,1.0,0.0,0.0,3,2,0.7757,0.3239,5,0,64,0.7852,34,1.424,0.257,MEDIUM
cart_ops,1.0,0.0,0.0,6,1.0,0.0,0.0,1,2,0.9384,0.193,5,0,39,0.6675,22,1.389,0.27,HIGH
search,0.0,0.0,1.0,2,0.0,0.0,1.0,2,1,1.0,0.0279,2,0,27,0.9983,56,0.959,0.23,LOW
checkout,1.0,0.0,0.0,9,1.0,1.0,1.0,5,2,0.5875,0.5527,9,5,139,0.5814,20,8.187,1.403,HIGH
cart_ops,1.0,0.0,0.0,7,0.0,0.0,0.0,1,3,0.8581,0.1697,8,1,55,0.8561,52,1.902,0.177,MEDIUM
checkout,1.0,0.0,0.0,13,1.0,1.0,1.0,4,3,0.573,0.5839,5,6,117,0.5128,36,6.945,1.543,HIGH
search,0.0,0.0,1.0,4,0.0,0.0,0.0,1,1,0.8463,0.0,1,0,43,1.0,50,0.971,0.207,LOW
search,0.0,0.0,1.0,3,0.0,0.0,1.0,1,1,0.9444,0.0216,1,0,51,0.9594,89,1.497,0.051,LOW
search,0.0,0.0,1.0,3,0.0,0.0,0.0,1,1,0.9882,0.1254,5,0,43,0.9809,54,1.639,0.345,LOW
checkout,0.0,0.0,1.0,16,1.0,1.0,1.0,5,2,0.6152,0.6235,8,2,74,0.6832,31,5.199,1.183,MEDIUM
login_flow,1.0,0.0,0.0,11,1.0,0.0,1.0,3,1,0.7153,0.5074,6,3,75,0.779,13,3.313,0.0,MEDIUM
checkout,0.0,0.0,1.0,9,0.0,1.0,1.0,4,0,0.6447,0.6646,12,4,169,0.4514,30,3.183,1.191,HIGH
login_flow,0.0,1.0,0.0,6,1.0,0.0,1.0,3,2,0.5871,0.2942,3,1,82,0.7022,22,4.559,0.424,HIGH
login_flow,0.0,0.0,1.0,7,1.0,0.0,1.0,3,1,0.652,0.3508,8,2,127,0.7542,23,3.055,0.819,MEDIUM
cart_ops,1.0,0.0,0.0,6,1.0,0.0,1.0,0,2,0.9226,0.1275,6,1,81,0.8952,29,2.289,0.273,MEDIUM
checkout,1.0,0.0,0.0,14,1.0,1.0,1.0,4,1,0.529,0.2091,8,3,118,0.7609,18,5.177,1.442,MEDIUM
checkout,1.0,0.0,0.0,11,0.0,1.0,1.0,5,2,0.5477,0.538,9,4,157,0.8174,10,9.59,1.16,MEDIUM
search,0.0,0.0,1.0,3,0.0,0.0,1.0,1,1,0.9032,0.0355,2,1,47,0.9627,38,1.388,0.367,LOW
cart_ops,0.0,0.0,1.0,2,0.0,0.0,1.0,2,3,0.5939,0.0291,4,2,56,0.8462,13,1.128,0.644,MEDIUM
search,0.0,1.0,0.0,3,0.0,0.0,0.0,2,1,0.8518,0.0,2,0,39,0.9777,84,1.114,0.17,LOW
checkout,1.0,0.0,0.0,16,1.0,1.0,1.0,6,1,0.562,0.8903,3,6,43,0.7189,14,7.18,0.0,HIGH
login_flow,1.0,0.0,0.0,7,1.0,0.0,1.0,3,1,0.5567,0.4397,7,2,86,0.745,43,4.104,0.845,HIGH
cart_ops,0.0,0.0,1.0,7,0.0,0.0,0.0,2,5,0.7355,0.1907,3,2,68,0.8501,31,1.303,0.333,MEDIUM
checkout,1.0,0.0,0.0,11,1.0,1.0,1.0,7,3,0.4643,0.6246,10,5,185,0.9062,18,6.407,0.683,MEDIUM
search,0.0,0.0,1.0,1,0.0,0.0,0.0,1,1,0.8874,0.004,3,0,37,0.9087,60,2.098,0.06,LOW
cart_ops,0.0,1.0,0.0,5,1.0,0.0,0.0,2,2,0.7164,0.1544,3,1,39,0.7886,46,1.68,0.658,MEDIUM
login_flow,1.0,0.0,0.0,8,1.0,0.0,1.0,4,2,0.7023,0.2818,6,2,59,0.7039,51,3.456,0.849,HIGH
search,1.0,0.0,0.0,3,0.0,0.0,0.0,0,0,0.921,0.0,1,0,11,0.8898,66,1.05,0.0,MEDIUM
cart_ops,1.0,0.0,0.0,4,1.0,0.0,1.0,2,4,0.8077,0.0,3,0,65,0.9929,37,1.711,0.443,LOW
checkout,1.0,0.0,0.0,15,1.0,1.0,1.0,5,1,0.5862,0.3506,6,6,89,0.7745,30,6.435,1.318,MEDIUM
checkout,1.0,0.0,0.0,12,1.0,1.0,1.0,7,3,0.5907,0.5797,8,7,39,0.7505,48,4.146,0.314,MEDIUM
search,0.0,1.0,0.0,5,0.0,0.0,0.0,1,1,0.9011,0.1559,2,0,21,0.983,40,0.489,0.341,LOW
cart_ops,1.0,0.0,0.0,6,1.0,0.0,0.0,1,2,0.8923,0.1881,6,1,89,0.8451,26,3.474,0.423,MEDIUM
checkout,1.0,0.0,0.0,19,0.0,1.0,1.0,3,3,0.411,0.6418,10,4,90,0.6785,24,9.071,0.983,HIGH
login_flow,1.0,0.0,0.0,6,1.0,0.0,1.0,3,2,0.6638,0.2162,6,4,113,0.7002,36,2.848,1.473,HIGH
cart_ops,0.0,0.0,1.0,6,1.0,0.0,0.0,1,3,0.8419,0.2206,3,0,44,0.853,45,4.887,0.33,HIGH
checkout,0.0,1.0,0.0,20,0.0,1.0,1.0,3,3,0.579,0.3483,7,1,111,0.6506,1,5.689,1.003,HIGH
search,0.0,0.0,1.0,4,0.0,0.0,0.0,1,2,0.9399,0.0648,2,1,48,1.0,16,0.928,0.321,LOW
checkout,1.0,0.0,0.0,13,1.0,1.0,1.0,6,2,0.6325,0.4918,12,2,141,0.674,20,7.246,0.48,HIGH
login_flow,1.0,0.0,0.0,8,1.0,0.0,1.0,3,1,0.6899,0.3638,6,4,111,0.6672,30,3.399,0.693,HIGH
cart_ops,0.0,0.0,1.0,4,1.0,0.0,0.0,1,3,0.7716,0.1447,4,1,78,0.9964,34,1.456,0.236,LOW
cart_ops,1.0,0.0,0.0,5,1.0,0.0,0.0,1,5,0.8339,0.0454,0,0,80,1.0,35,3.212,0.437,LOW
login_flow,0.0,1.0,0.0,5,1.0,0.0,1.0,4,1,0.7221,0.2494,6,4,63,0.7372,37,6.359,0.232,HIGH
login_flow,1.0,0.0,0.0,7,1.0,0.0,1.0,3,1,0.6479,0.2007,3,4,120,0.9524,41,3.853,1.289,LOW
checkout,1.0,0.0,0.0,15,1.0,1.0,1.0,4,2,0.6051,0.5891,5,4,165,0.8839,38,6.781,1.691,MEDIUM
checkout,1.0,0.0,0.0,17,1.0,1.0,1.0,6,2,0.3671,0.3578,7,4,126,0.5791,20,6.899,1.348,HIGH
login_flow,0.0,0.0,1.0,9,1.0,0.0,1.0,3,1,0.5648,0.1907,6,4,69,0.5912,50,5.252,0.659,HIGH
cart_ops,0.0,1.0,0.0,5,1.0,0.0,0.0,1,6,0.7936,0.2091,5,2,34,0.8656,21,0.714,0.252,MEDIUM
login_flow,0.0,0.0,1.0,6,1.0,0.0,1.0,3,1,0.7183,0.505,6,2,107,0.9544,9,3.59,1.043,LOW
search,0.0,0.0,1.0,3,0.0,0.0,1.0,0,1,1.0,0.0807,3,0,29,1.0,61,2.237,0.252,LOW
cart_ops,0.0,1.0,0.0,6,0.0,0.0,0.0,1,4,0.8827,0.1739,3,2,71,0.9198,31,1.923,0.582,MEDIUM
login_flow,1.0,0.0,0.0,10,1.0,0.0,1.0,3,1,0.8056,0.382,4,2,79,0.7847,47,2.975,1.334,MEDIUM
login_flow,1.0,0.0,0.0,8,1.0,0.0,1.0,2,1,0.8849,0.5768,3,3,108,0.5007,63,5.675,1.613,HIGH
search,0.0,0.0,1.0,2,0.0,0.0,0.0,1,1,0.879,0.0623,2,1,27,0.9402,82,1.829,0.13,LOW
search,0.0,0.0,1.0,2,0.0,0.0,1.0,2,1,0.8811,0.0741,1,0,20,0.9396,40,1.396,0.064,LOW
search,0.0,0.0,1.0,4,0.0,0.0,0.0,1,2,0.9193,0.0153,2,0,29,0.9841,63,1.413,0.208,LOW
checkout,1.0,0.0,0.0,17,1.0,1.0,1.0,9,1,0.6389,0.2365,9,7,108,0.7278,27,6.049,1.14,HIGH
cart_ops,0.0,1.0,0.0,6,0.0,0.0,0.0,2,3,0.7017,0.1177,4,2,35,0.9234,25,3.537,0.035,LOW
login_flow,1.0,0.0,0.0,9,1.0,0.0,1.0,1,1,0.7046,0.3821,2,4,99,0.8362,37,4.639,0.979,MEDIUM
cart_ops,0.0,1.0,0.0,6,0.0,0.0,0.0,1,5,0.8506,0.1211,6,2,60,0.9124,32,1.628,0.588,MEDIUM
search,0.0,0.0,1.0,3,0.0,0.0,0.0,1,1,1.0,0.039,2,0,36,0.9693,86,1.431,0.0,LOW
checkout,1.0,0.0,0.0,14,0.0,1.0,1.0,5,2,0.4304,0.4784,11,4,106,0.4975,41,3.697,1.606,HIGH
cart_ops,0.0,1.0,0.0,7,1.0,0.0,0.0,1,4,0.9904,0.2213,5,1,63,0.8157,44,2.088,0.457,MEDIUM
search,0.0,0.0,1.0,4,0.0,0.0,1.0,0,1,0.9147,0.0408,1,0,40,0.9604,49,1.39,0.161,LOW
cart_ops,1.0,0.0,0.0,5,0.0,0.0,0.0,1,3,0.8041,0.3802,5,0,37,1.0,23,2.914,0.079,LOW
search,0.0,0.0,1.0,3,0.0,0.0,0.0,1,1,0.8495,0.0431,1,1,35,0.9341,28,1.153,0.299,LOW
search,1.0,0.0,0.0,2,0.0,0.0,0.0,1,1,0.8895,0.0384,5,0,17,0.9077,31,1.693,0.185,MEDIUM
login_flow,0.0,1.0,0.0,8,1.0,0.0,1.0,3,0,0.707,0.5522,2,4,110,0.6287,29,3.898,0.816,HIGH
cart_ops,0.0,1.0,0.0,6,0.0,0.0,0.0,0,3,0.8664,0.2679,4,1,45,0.8552,39,2.902,0.241,MEDIUM
login_flow,1.0,0.0,0.0,9,1.0,0.0,1.0,3,0,0.7278,0.4684,7,3,120,0.657,39,5.074,0.289,HIGH
search,0.0,0.0,1.0,2,0.0,0.0,1.0,1,0,0.9186,0.1319,1,0,28,0.9573,50,1.821,0.159,LOW
search,0.0,0.0,1.0,6,0.0,0.0,0.0,1,1,0.8673,0.0255,2,0,50,0.9967,69,1.503,0.132,LOW
checkout,1.0,0.0,0.0,11,1.0,1.0,1.0,4,0,0.4091,0.2787,10,5,165,0.4083,25,9.361,2.29,HIGH
checkout,0.0,1.0,0.0,13,0.0,1.0,1.0,4,1,0.6096,0.5324,4,3,125,0.5096,47,9.959,0.965,HIGH
cart_ops,0.0,1.0,0.0,5,0.0,0.0,0.0,1,3,0.6916,0.0713,4,0,66,0.9604,46,2.171,0.378,LOW
login_flow,1.0,0.0,0.0,7,1.0,0.0,1.0,3,2,0.4513,0.5141,3,3,99,0.9535,30,3.866,0.355,LOW
search,0.0,1.0,0.0,3,0.0,0.0,1.0,1,1,1.0,0.0582,2,0,37,0.9741,60,1.068,0.017,LOW
checkout,0.0,1.0,0.0,6,1.0,1.0,1.0,6,1,0.5094,0.5637,8,5,42,0.7133,14,5.742,1.254,HIGH
cart_ops,0.0,0.0,1.0,4,0.0,0.0,0.0,1,4,0.929,0.2001,4,1,51,0.9114,25,1.253,0.241,MEDIUM
cart_ops,0.0,1.0,0.0,6,0.0,0.0,0.0,2,5,0.8017,0.1877,6,2,38,0.8833,19,2.074,0.154,MEDIUM
checkout,1.0,0.0,0.0,15,1.0,1.0,1.0,2,3,0.8423,0.3009,9,6,137,0.7519,36,8.481,2.639,MEDIUM
cart_ops,0.0,1.0,0.0,4,0.0,0.0,0.0,1,2,0.7718,0.1307,3,1,55,0.899,31,1.996,0.277,MEDIUM
cart_ops,0.0,1.0,0.0,8,1.0,0.0,1.0,1,4,0.7,0.203,5,2,37,0.6435,35,3.139,0.254,HIGH
search,1.0,0.0,0.0,3,0.0,0.0,0.0,0,1,0.9778,0.0,1,1,37,0.9377,89,0.706,0.419,LOW
cart_ops,1.0,0.0,0.0,6,1.0,0.0,0.0,0,3,1.0,0.3146,5,1,67,1.0,43,1.925,0.493,LOW
search,0.0,0.0,1.0,1,1.0,0.0,1.0,1,1,0.9194,0.0246,0,0,43,0.9421,62,1.262,0.139,LOW
login_flow,1.0,0.0,0.0,9,1.0,0.0,1.0,2,1,0.7286,0.2196,5,4,145,0.749,34,5.595,1.077,HIGH
checkout,1.0,0.0,0.0,13,1.0,1.0,1.0,5,2,0.7409,0.4237,5,4,84,0.7363,19,8.406,0.719,HIGH
search,1.0,0.0,0.0,2,0.0,0.0,0.0,1,1,0.8982,0.0,2,0,49,1.0,39,1.761,0.275,LOW
checkout,1.0,0.0,0.0,4,1.0,1.0,1.0,8,2,0.4661,0.6394,7,6,153,0.9317,50,5.751,1.497,LOW
checkout,1.0,0.0,0.0,13,1.0,1.0,1.0,4,3,0.467,0.6045,8,6,153,0.6705,26,8.274,1.591,HIGH
checkout,1.0,0.0,0.0,14,1.0,1.0,1.0,5,4,0.603,0.6651,11,6,68,0.6625,36,5.12,1.759,HIGH
search,0.0,0.0,1.0,3,0.0,0.0,0.0,1,1,0.8851,0.1142,1,0,24,0.9568,46,0.89,0.031,LOW
cart_ops,0.0,1.0,0.0,4,0.0,0.0,0.0,1,3,0.8061,0.2322,4,0,46,0.9625,31,2.283,0.07,LOW
cart_ops,0.0,1.0,0.0,6,0.0,0.0,0.0,2,3,0.8288,0.1275,5,1,59,0.8138,12,2.591,0.264,MEDIUM
login_flow,1.0,0.0,0.0,10,1.0,0.0,1.0,3,2,0.6613,0.4785,4,3,97,1.0,43,2.815,0.222,LOW
checkout,1.0,0.0,0.0,12,1.0,1.0,1.0,6,3,0.6139,0.4998,7,4,143,0.7954,30,6.501,0.284,MEDIUM
checkout,1.0,0.0,0.0,10,0.0,1.0,1.0,3,3,0.5402,0.6439,8,8,115,0.7915,15,7.139,1.437,MEDIUM
cart_ops,1.0,0.0,0.0,7,0.0,0.0,0.0,3,3,0.6796,0.2388,5,1,71,0.968,45,0.228,0.554,LOW
login_flow,1.0,0.0,0.0,9,1.0,0.0,1.0,2,2,0.5965,0.2276,6,0,107,0.9173,59,4.719,1.022,LOW
search,0.0,0.0,1.0,3,1.0,0.0,0.0,1,1,0.8473,0.0511,2,0,30,0.9311,62,0.86,0.331,MEDIUM
checkout,1.0,0.0,0.0,10,1.0,1.0,1.0,5,2,0.4374,0.4209,10,3,135,0.7324,27,5.766,0.54,HIGH
search,0.0,0.0,1.0,1,0.0,0.0,0.0,1,1,0.92,0.1126,1,0,26,0.9575,44,0.629,0.0,LOW
cart_ops,0.0,0.0,1.0,2,0.0,0.0,0.0,0,2,0.8347,0.0,6,1,58,0.8592,27,3.074,0.26,MEDIUM
checkout,1.0,0.0,0.0,11,1.0,1.0,1.0,5,1,0.4233,0.6674,10,4,135,0.6845,32,9.266,1.732,HIGH
search,0.0,0.0,1.0,2,0.0,0.0,1.0,1,2,0.9539,0.1255,3,0,34,0.9597,42,1.12,0.318,LOW
search,1.0,0.0,0.0,2,0.0,0.0,0.0,0,0,0.8356,0.1341,2,1,39,0.9642,43,0.962,0.08,LOW
login_flow,1.0,0.0,0.0,11,1.0,0.0,1.0,2,1,0.6853,0.5219,5,2,105,0.8397,37,3.758,0.199,MEDIUM
cart_ops,1.0,0.0,0.0,8,0.0,0.0,1.0,2,3,0.9419,0.2301,4,2,35,0.8585,26,1.475,0.337,MEDIUM
cart_ops,0.0,1.0,0.0,4,1.0,0.0,1.0,1,3,0.7935,0.0965,5,2,87,0.8249,40,1.886,0.654,MEDIUM
cart_ops,1.0,0.0,0.0,6,0.0,0.0,0.0,1,3,0.9127,0.1841,5,1,49,0.9165,22,0.863,0.519,MEDIUM
checkout,1.0,0.0,0.0,17,0.0,1.0,1.0,6,1,0.4183,0.302,7,4,130,0.7778,13,8.569,0.528,MEDIUM
cart_ops,0.0,1.0,0.0,4,1.0,0.0,0.0,2,5,0.8022,0.2439,4,0,81,0.8998,10,2.33,0.474,MEDIUM
checkout,1.0,0.0,0.0,11,1.0,1.0,1.0,6,1,0.7779,0.7626,8,5,103,0.5159,16,9.777,1.674,HIGH
login_flow,1.0,0.0,0.0,5,1.0,0.0,1.0,3,0,0.7829,0.2951,4,2,112,0.8262,50,6.349,0.607,MEDIUM
checkout,1.0,0.0,0.0,9,0.0,1.0,1.0,4,3,0.3639,0.7196,9,5,180,0.6019,26,5.085,0.594,HIGH
checkout,1.0,0.0,0.0,10,0.0,1.0,1.0,4,2,0.5233,0.3589,7,2,115,0.7774,29,7.323,1.378,MEDIUM
cart_ops,0.0,0.0,1.0,8,0.0,0.0,0.0,0,3,0.7771,0.1769,5,0,53,0.8278,12,3.01,0.428,MEDIUM
search,0.0,1.0,0.0,2,0.0,0.0,1.0,2,1,0.8859,0.0089,2,0,62,0.9008,49,0.608,0.494,MEDIUM
search,0.0,1.0,0.0,4,0.0,0.0,0.0,1,2,0.9622,0.14,3,1,39,1.0,44,0.857,0.097,LOW
checkout,1.0,0.0,0.0,10,1.0,1.0,1.0,5,2,0.6545,0.5988,9,6,131,0.6945,24,7.674,1.374,HIGH
checkout,1.0,0.0,0.0,6,1.0,1.0,1.0,4,1,0.7364,0.5277,5,7,134,0.8169,24,8.54,2.228,MEDIUM
login_flow,1.0,0.0,0.0,8,1.0,0.0,1.0,3,1,0.8073,0.185,3,3,100,0.6817,42,4.55,0.853,HIGH
search,0.0,0.0,1.0,3,0.0,0.0,1.0,2,1,0.8882,0.042,0,1,52,1.0,56,0.954,0.284,LOW
login_flow,1.0,0.0,0.0,10,1.0,0.0,1.0,3,1,0.5565,0.2961,1,3,111,0.7337,25,3.701,0.991,HIGH
login_flow,1.0,0.0,0.0,7,1.0,0.0,1.0,3,1,0.8162,0.4518,6,4,106,0.6569,37,4.694,0.855,HIGH
checkout,1.0,0.0,0.0,13,0.0,1.0,1.0,5,2,0.6472,0.5252,10,5,90,0.6568,52,2.153,1.454,HIGH
search,0.0,0.0,1.0,4,0.0,0.0,0.0,1,2,0.8687,0.0734,1,0,22,0.942,67,1.866,0.127,LOW
cart_ops,1.0,0.0,0.0,7,1.0,0.0,0.0,1,4,0.8442,0.1977,6,0,66,0.8769,33,1.25,0.5,MEDIUM
cart_ops,1.0,0.0,0.0,7,1.0,0.0,1.0,2,1,0.6669,0.0,4,1,69,0.9967,49,2.686,0.557,LOW
login_flow,0.0,0.0,1.0,9,1.0,0.0,1.0,1,0,0.6451,0.2053,4,4,88,0.5976,44,4.484,0.952,HIGH
login_flow,0.0,0.0,1.0,6,1.0,0.0,1.0,4,2,0.825,0.1623,6,2,52,0.8779,44,1.809,0.35,MEDIUM
cart_ops,0.0,1.0,0.0,7,1.0,0.0,0.0,1,2,0.8966,0.2218,2,0,45,0.8271,40,1.678,0.293,MEDIUM
checkout,1.0,0.0,0.0,17,1.0,1.0,1.0,4,4,0.3149,0.0,7,4,135,0.6835,2,2.687,2.213,HIGH
cart_ops,0.0,1.0,0.0,7,0.0,0.0,1.0,1,2,0.7903,0.2665,4,1,70,0.7999,21,1.031,0.37,MEDIUM
login_flow,1.0,0.0,0.0,12,1.0,0.0,1.0,1,1,0.7302,0.5203,3,3,78,0.9282,59,0.952,0.78,LOW
login_flow,1.0,0.0,0.0,6,1.0,0.0,1.0,2,1,0.6584,0.6043,8,3,104,0.8221,36,3.307,0.778,MEDIUM
cart_ops,1.0,0.0,0.0,6,0.0,0.0,1.0,2,2,0.8447,0.321,6,2,50,0.8451,29,2.322,0.217,MEDIUM
search,0.0,1.0,0.0,2,0.0,0.0,1.0,1,1,0.9333,0.0,3,0,33,1.0,39,1.304,0.005,LOW
cart_ops,0.0,0.0,1.0,7,0.0,0.0,0.0,2,2,0.6687,0.1372,7,0,77,0.6801,26,1.149,0.492,HIGH
login_flow,0.0,0.0,1.0,10,1.0,0.0,1.0,1,2,0.6153,0.2754,5,4,73,0.889,16,4.632,0.871,MEDIUM
search,0.0,0.0,1.0,2,1.0,0.0,1.0,2,0,0.8418,0.0463,2,0,31,0.87,53,1.837,0.014,MEDIUM
cart_ops,0.0,0.0,1.0,7,0.0,0.0,0.0,2,3,0.693,0.2007,2,0,51,0.7341,40,1.78,0.606,HIGH
login_flow,1.0,0.0,0.0,9,1.0,0.0,1.0,2,1,0.4581,0.2023,4,4,97,0.6381,26,4.407,0.397,HIGH
login_flow,1.0,0.0,0.0,7,1.0,0.0,1.0,4,1,0.6545,0.5253,4,3,103,0.6914,62,4.475,0.355,HIGH
checkout,1.0,0.0,0.0,14,1.0,1.0,1.0,5,3,0.4771,0.7091,10,5,152,0.6695,33,6.963,1.154,HIGH
checkout,0.0,0.0,1.0,12,1.0,1.0,1.0,6,3,0.6569,0.9395,4,4,150,0.7087,41,7.691,0.403,HIGH
cart_ops,0.0,0.0,1.0,5,1.0,0.0,0.0,0,3,0.7574,0.1441,6,0,51,0.9762,17,2.852,0.239,LOW
cart_ops,0.0,1.0,0.0,6,0.0,0.0,0.0,1,0,0.8301,0.2219,2,2,33,0.851,36,3.255,0.578,MEDIUM
checkout,1.0,0.0,0.0,14,1.0,1.0,1.0,4,2,0.5679,0.5549,4,3,66,0.8423,24,10.329,0.294,MEDIUM
cart_ops,0.0,0.0,1.0,5,1.0,0.0,0.0,0,4,0.8473,0.0891,3,1,53,0.9984,36,2.937,0.364,LOW
checkout,1.0,0.0,0.0,11,1.0,1.0,1.0,8,3,0.5802,0.724,8,3,121,0.3803,38,7.178,2.256,HIGH
cart_ops,0.0,1.0,0.0,5,1.0,0.0,0.0,1,5,0.9329,0.1797,5,2,72,0.7919,15,1.838,0.435,MEDIUM
checkout,1.0,0.0,0.0,14,0.0,1.0,1.0,5,2,0.6754,0.3287,10,4,190,0.8327,30,6.498,0.247,MEDIUM
cart_ops,0.0,1.0,0.0,7,1.0,0.0,0.0,1,2,0.6754,0.3468,7,1,58,0.9557,17,2.33,0.29,LOW
cart_ops,0.0,0.0,1.0,5,0.0,0.0,0.0,1,1,0.8524,0.0,3,0,44,0.7127,24,0.883,0.288,HIGH
login_flow,1.0,0.0,0.0,7,1.0,0.0,1.0,2,1,0.8055,0.4324,7,5,58,0.6989,14,2.733,0.463,HIGH
checkout,1.0,0.0,0.0,10,1.0,1.0,1.0,7,3,0.3921,0.4148,7,5,119,0.7299,51,9.511,1.491,HIGH
login_flow,1.0,0.0,0.0,9,1.0,0.0,1.0,4,2,0.7506,0.5598,2,2,82,0.6334,23,4.34,0.796,HIGH
search,0.0,1.0,0.0,4,0.0,0.0,0.0,0,0,0.8815,0.0819,1,0,34,0.9794,68,1.156,0.092,LOW
search,0.0,0.0,1.0,5,0.0,0.0,0.0,1,2,0.994,0.0847,2,0,45,0.9975,43,0.892,0.074,MEDIUM
checkout,0.0,1.0,0.0,14,1.0,1.0,1.0,5,2,0.4929,0.3051,9,3,156,0.8384,26,10.376,1.693,MEDIUM
search,1.0,0.0,0.0,3,0.0,0.0,1.0,2,1,0.9308,0.1288,3,1,34,0.914,69,1.065,0.0,MEDIUM
checkout,1.0,0.0,0.0,13,0.0,1.0,1.0,5,2,0.6552,0.147,10,2,142,0.5756,47,6.159,1.323,HIGH
login_flow,1.0,0.0,0.0,7,1.0,0.0,1.0,4,1,0.6388,0.0895,4,4,78,0.8098,25,3.639,1.537,MEDIUM
login_flow,1.0,0.0,0.0,12,1.0,0.0,1.0,1,2,0.6307,0.4455,7,3,47,0.8367,34,5.256,0.708,MEDIUM
search,0.0,1.0,0.0,4,0.0,0.0,0.0,1,1,0.8985,0.0512,3,0,24,0.8969,59,1.364,0.341,MEDIUM
cart_ops,0.0,1.0,0.0,8,0.0,0.0,0.0,1,3,0.8166,0.2076,6,1,56,0.9945,28,2.284,0.083,LOW
cart_ops,0.0,1.0,0.0,5,0.0,0.0,0.0,0,3,0.874,0.1834,3,1,80,0.997,40,0.718,0.635,LOW
checkout,1.0,0.0,0.0,14,0.0,1.0,1.0,8,0,0.5148,0.34,11,3,94,0.6306,7,3.339,1.256,HIGH
login_flow,1.0,0.0,0.0,5,1.0,0.0,1.0,4,1,0.8105,0.5662,5,2,85,0.9097,40,3.15,0.893,MEDIUM
search,0.0,0.0,1.0,3,0.0,0.0,1.0,1,1,0.8864,0.0724,2,1,23,0.9423,54,1.906,0.19,LOW
checkout,0.0,0.0,1.0,11,0.0,1.0,1.0,7,1,0.654,0.4746,8,3,118,0.8656,12,6.34,1.353,MEDIUM
login_flow,0.0,0.0,1.0,10,1.0,0.0,1.0,3,1,0.5812,0.4199,8,3,58,0.9454,28,2.36,0.0,LOW
search,0.0,1.0,0.0,4,0.0,0.0,1.0,1,1,0.8537,0.0453,1,1,16,0.9133,18,1.026,0.23,MEDIUM
login_flow,0.0,0.0,1.0,11,1.0,0.0,1.0,4,1,0.5859,0.5007,3,1,80,0.8401,26,6.54,1.153,MEDIUM
checkout,1.0,0.0,0.0,9,1.0,1.0,1.0,6,2,0.7419,0.6842,10,2,106,0.7747,17,2.788,0.318,MEDIUM
login_flow,1.0,0.0,0.0,9,1.0,0.0,1.0,3,1,0.6965,0.2874,4,4,87,0.9573,57,3.022,0.624,LOW
login_flow,1.0,0.0,0.0,10,1.0,0.0,1.0,5,2,0.6347,0.5748,5,5,119,0.8326,47,4.889,0.478,MEDIUM
login_flow,0.0,1.0,0.0,9,1.0,0.0,1.0,4,1,0.6579,0.2716,7,4,54,0.8136,42,4.552,1.322,MEDIUM
checkout,1.0,0.0,0.0,12,1.0,1.0,1.0,5,4,0.4324,0.4303,11,6,145,0.6223,25,5.998,1.5,HIGH
cart_ops,0.0,1.0,0.0,5,1.0,0.0,0.0,2,5,0.8808,0.2663,2,1,68,0.8699,42,2.735,0.227,MEDIUM
login_flow,1.0,0.0,0.0,11,1.0,0.0,1.0,3,2,0.6173,0.3869,4,4,29,0.9298,32,2.247,0.202,LOW
login_flow,1.0,0.0,0.0,9,1.0,0.0,1.0,3,1,0.5336,0.4199,4,1,75,0.716,10,5.34,1.02,HIGH
login_flow,1.0,0.0,0.0,8,1.0,0.0,1.0,5,1,0.6351,0.3785,5,2,62,0.9783,42,4.959,0.446,LOW
checkout,1.0,0.0,0.0,10,1.0,1.0,1.0,5,2,0.6067,0.7281,8,1,124,0.7275,32,8.325,0.736,HIGH
checkout,1.0,0.0,0.0,9,0.0,1.0,1.0,4,2,0.3838,0.4998,6,6,104,0.6757,23,9.507,0.364,HIGH
checkout,1.0,0.0,0.0,13,0.0,1.0,1.0,3,2,0.529,0.6835,8,2,135,0.7328,49,4.785,2.413,HIGH
checkout,1.0,0.0,0.0,14,1.0,1.0,1.0,4,1,0.6617,0.4677,9,4,129,0.5571,32,7.539,1.555,HIGH
login_flow,1.0,0.0,0.0,9,1.0,0.0,1.0,4,1,0.7128,0.4881,6,3,114,0.6488,29,2.255,0.575,HIGH
checkout,0.0,1.0,0.0,11,0.0,1.0,1.0,3,1,0.6861,0.5377,4,5,129,0.7537,33,5.77,1.164,MEDIUM
checkout,1.0,0.0,0.0,8,1.0,1.0,1.0,3,2,0.4555,0.2774,10,4,156,0.626,32,6.41,1.516,HIGH
checkout,1.0,0.0,0.0,14,1.0,1.0,1.0,6,2,0.5948,0.3595,9,5,84,0.8284,33,7.193,0.537,MEDIUM
search,1.0,0.0,0.0,1,0.0,0.0,0.0,0,1,0.9662,0.0403,2,0,37,1.0,59,1.207,0.354,LOW
checkout,0.0,1.0,0.0,11,0.0,1.0,1.0,7,1,0.4313,0.2576,4,3,132,0.7667,31,6.246,2.568,MEDIUM
login_flow,1.0,0.0,0.0,9,1.0,0.0,1.0,2,2,0.4719,0.1906,5,2,53,0.6774,38,2.095,0.603,HIGH
cart_ops,0.0,0.0,1.0,5,1.0,0.0,0.0,2,3,0.8409,0.1629,5,2,46,0.9787,26,2.628,0.123,LOW
login_flow,0.0,1.0,0.0,9,1.0,0.0,1.0,1,1,0.6828,0.4944,8,3,76,0.9544,43,4.049,0.647,LOW
login_flow,1.0,0.0,0.0,9,1.0,0.0,1.0,3,1,0.6201,0.1104,2,4,120,0.5221,18,3.353,0.734,HIGH
checkout,1.0,0.0,0.0,8,0.0,1.0,1.0,4,2,0.7282,0.813,7,3,64,0.5121,49,4.581,0.754,HIGH
cart_ops,0.0,1.0,0.0,7,1.0,0.0,0.0,0,4,0.8866,0.2883,6,0,36,0.7833,40,1.836,0.336,MEDIUM
search,1.0,0.0,0.0,3,0.0,0.0,0.0,1,0,0.9278,0.0326,1,1,45,0.9814,108,1.171,0.217,LOW
login_flow,1.0,0.0,0.0,9,1.0,0.0,1.0,3,1,0.5705,0.4945,1,2,111,0.7763,59,3.246,0.536,MEDIUM
cart_ops,0.0,1.0,0.0,5,0.0,0.0,0.0,2,2,0.8745,0.2276,3,1,40,0.9222,22,2.462,0.61,LOW
cart_ops,1.0,0.0,0.0,6,1.0,0.0,0.0,1,4,0.7659,0.293,2,1,57,0.7592,28,0.937,0.691,MEDIUM
checkout,1.0,0.0,0.0,13,1.0,1.0,1.0,5,1,0.6162,0.468,8,3,146,0.7081,7,5.468,1.836,HIGH
search,0.0,1.0,0.0,3,0.0,0.0,1.0,1,1,0.9103,0.0251,1,1,34,0.9507,82,0.359,0.535,LOW
checkout,1.0,0.0,0.0,16,0.0,1.0,1.0,5,2,0.5896,0.2919,9,2,90,0.5617,31,7.766,0.813,HIGH
login_flow,1.0,0.0,0.0,7,1.0,0.0,1.0,3,1,0.7628,0.4875,4,5,95,0.9026,19,4.797,0.888,MEDIUM
search,0.0,1.0,0.0,4,0.0,0.0,0.0,1,1,0.9895,0.066,2,1,36,0.9259,76,1.057,0.191,LOW
login_flow,1.0,0.0,0.0,7,1.0,0.0,1.0,4,1,0.5749,0.0011,7,4,118,0.5121,29,3.95,0.585,HIGH
cart_ops,0.0,1.0,0.0,8,0.0,0.0,1.0,0,2,0.8,0.1527,5,1,67,0.7879,26,2.637,0.481,MEDIUM
checkout,1.0,0.0,0.0,10,1.0,1.0,1.0,6,1,0.7077,0.7757,1,4,83,0.8669,52,5.857,0.914,MEDIUM
search,1.0,0.0,0.0,5,0.0,0.0,0.0,1,1,0.9242,0.0485,2,0,39,0.9289,38,1.33,0.255,LOW
search,0.0,0.0,1.0,2,0.0,0.0,0.0,1,1,0.902,0.0661,4,0,41,0.9351,51,1.15,0.083,LOW
checkout,1.0,0.0,0.0,12,0.0,1.0,1.0,6,4,0.6272,0.3835,3,5,122,0.6299,19,7.451,0.663,HIGH
login_flow,1.0,0.0,0.0,5,1.0,0.0,1.0,4,0,0.4551,0.3994,7,4,101,0.8207,41,4.949,0.342,MEDIUM
cart_ops,0.0,1.0,0.0,6,0.0,0.0,0.0,2,4,0.8752,0.2458,4,1,59,0.9959,34,1.428,0.139,LOW
search,0.0,0.0,1.0,3,0.0,0.0,0.0,1,1,0.8886,0.1329,3,0,49,0.9352,49,1.192,0.184,LOW
cart_ops,0.0,1.0,0.0,6,0.0,0.0,0.0,0,3,0.7361,0.2269,4,0,50,0.9036,36,2.047,0.624,MEDIUM
login_flow,0.0,0.0,1.0,8,1.0,0.0,1.0,3,0,0.6645,0.3262,7,4,97,0.8144,16,3.051,0.608,HIGH
login_flow,0.0,0.0,1.0,10,1.0,0.0,1.0,2,2,0.4897,0.2001,5,3,104,0.6039,64,6.266,0.881,HIGH
checkout,1.0,0.0,0.0,15,1.0,1.0,1.0,3,2,0.4912,0.3885,8,4,149,0.6292,34,7.523,1.946,HIGH
checkout,1.0,0.0,0.0,12,1.0,1.0,1.0,6,1,0.7391,0.7859,8,4,152,0.6701,40,7.296,0.984,HIGH
search,0.0,1.0,0.0,3,1.0,0.0,0.0,2,1,0.9465,0.0646,2,0,46,0.9381,39,1.596,0.225,LOW
search,0.0,1.0,0.0,3,0.0,0.0,0.0,2,2,0.8544,0.0472,1,0,42,1.0,96,1.072,0.059,LOW
search,0.0,0.0,1.0,2,0.0,0.0,0.0,2,1,0.9386,0.052,2,0,55,0.9933,67,0.397,0.191,LOW
login_flow,0.0,0.0,1.0,6,1.0,0.0,1.0,1,1,0.5722,0.2955,2,2,87,0.8706,67,3.643,0.0,MEDIUM
cart_ops,1.0,0.0,0.0,5,0.0,0.0,1.0,2,2,0.7444,0.0218,4,0,56,0.8859,53,2.712,0.223,MEDIUM
login_flow,0.0,1.0,0.0,12,1.0,0.0,1.0,3,1,0.5266,0.8033,4,2,77,0.757,39,4.173,1.159,MEDIUM
checkout,1.0,0.0,0.0,12,1.0,1.0,1.0,4,0,0.5536,0.4527,9,3,193,0.9647,26,4.238,1.586,LOW
checkout,1.0,0.0,0.0,16,1.0,1.0,1.0,5,2,0.4648,0.4802,6,4,144,0.6376,25,7.218,1.65,HIGH
checkout,1.0,0.0,0.0,8,0.0,1.0,1.0,3,1,0.6481,0.4378,7,5,54,0.6724,43,6.987,1.463,HIGH
cart_ops,0.0,0.0,1.0,7,0.0,0.0,0.0,1,3,0.8935,0.3259,4,0,51,0.918,49,1.821,0.534,MEDIUM
search,0.0,0.0,1.0,5,0.0,0.0,1.0,1,0,0.9535,0.0306,3,0,36,0.997,47,1.722,0.093,LOW
search,0.0,0.0,1.0,5,0.0,0.0,1.0,0,1,0.8732,0.0535,1,0,34,0.9286,56,1.348,0.139,LOW
checkout,1.0,0.0,0.0,10,0.0,1.0,1.0,7,4,0.4634,0.6613,13,5,101,0.435,14,8.404,1.188,HIGH
checkout,0.0,1.0,0.0,13,0.0,1.0,1.0,4,2,0.5787,0.6782,9,6,92,0.7334,28,6.442,2.269,HIGH
search,0.0,0.0,1.0,3,0.0,0.0,0.0,1,1,0.9299,0.1298,3,0,39,0.9982,40,1.677,0.261,LOW
cart_ops,0.0,1.0,0.0,4,0.0,0.0,0.0,2,3,0.8223,0.1227,3,1,63,0.8564,26,2.853,0.487,MEDIUM
cart_ops,0.0,1.0,0.0,7,0.0,0.0,0.0,2,5,0.799,0.0936,6,2,76,0.8369,24,1.375,0.347,HIGH
search,0.0,0.0,1.0,4,0.0,0.0,1.0,1,1,0.9541,0.0,3,0,27,0.9943,51,0.584,0.296,LOW
login_flow,1.0,0.0,0.0,11,1.0,0.0,1.0,3,1,0.7143,0.0722,5,2,57,0.5896,70,3.707,0.302,HIGH
cart_ops,0.0,1.0,0.0,8,1.0,0.0,1.0,2,2,0.7548,0.251,3,1,74,0.8682,33,2.101,0.405,MEDIUM
search,1.0,0.0,0.0,3,0.0,0.0,1.0,0,1,0.914,0.0522,2,0,47,0.9442,34,0.743,0.215,LOW
login_flow,0.0,1.0,0.0,7,1.0,0.0,1.0,2,1,0.6025,0.4346,6,2,76,0.8968,59,4.185,0.593,MEDIUM
cart_ops,0.0,0.0,1.0,8,0.0,0.0,0.0,1,3,0.7998,0.1739,6,1,56,0.8766,37,1.622,0.39,MEDIUM
cart_ops,0.0,0.0,1.0,5,1.0,0.0,0.0,2,2,0.7008,0.178,3,0,46,0.9688,33,1.906,0.654,LOW
checkout,1.0,0.0,0.0,12,1.0,1.0,1.0,5,1,0.6939,0.4126,12,3,102,0.5956,49,4.545,0.257,MEDIUM
search,0.0,0.0,1.0,3,0.0,0.0,0.0,0,1,0.9764,0.0557,2,0,41,1.0,67,1.199,0.13,LOW
cart_ops,0.0,1.0,0.0,3,0.0,0.0,1.0,2,1,0.7635,0.0408,8,2,42,0.9428,31,2.892,0.308,LOW
search,0.0,0.0,1.0,3,0.0,0.0,0.0,1,2,0.9686,0.0269,2,0,43,0.9843,65,1.864,0.112,LOW
cart_ops,0.0,1.0,0.0,7,0.0,0.0,0.0,0,3,0.9281,0.1723,7,0,83,0.894,20,1.068,0.218,MEDIUM
checkout,1.0,0.0,0.0,13,1.0,1.0,1.0,5,1,0.5208,0.7027,9,4,98,0.6218,26,7.88,0.616,HIGH
search,0.0,0.0,1.0,5,0.0,0.0,1.0,2,0,0.9666,0.064,1,0,36,0.9298,58,1.276,0.16,LOW
search,0.0,0.0,1.0,2,0.0,0.0,1.0,1,2,0.935,0.0668,0,0,24,0.9403,44,0.502,0.137,LOW
checkout,1.0,0.0,0.0,13,1.0,1.0,1.0,5,3,0.4173,0.8223,7,4,149,0.4969,28,8.309,1.557,HIGH
cart_ops,0.0,1.0,0.0,5,0.0,0.0,0.0,1,4,0.7771,0.3052,7,1,61,0.702,28,2.298,0.535,HIGH
search,1.0,0.0,0.0,2,0.0,0.0,1.0,1,1,0.9208,0.013,1,0,32,0.8937,56,1.174,0.177,MEDIUM
cart_ops,0.0,1.0,0.0,6,0.0,0.0,0.0,2,2,0.8972,0.163,4,0,83,0.8104,34,1.267,0.309,MEDIUM
cart_ops,0.0,1.0,0.0,3,0.0,0.0,0.0,1,3,0.91,0.2478,0,1,54,0.8391,39,1.892,0.462,MEDIUM
cart_ops,1.0,0.0,0.0,8,1.0,0.0,0.0,2,4,0.7708,0.0744,8,1,47,0.8144,26,3.025,0.488,MEDIUM
checkout,1.0,0.0,0.0,13,0.0,1.0,1.0,3,2,0.4502,0.3685,7,4,56,0.4903,21,8.321,1.311,HIGH
